,Gene_set,Term,Overlap,P-value,Adjusted P-value,Odds Ratio,Genes,group,ordered_group,sample
0,gs_ind_0,Axon guidance,3/9,0.0146218487394958,0.0292436974789916,10.43859649122807,EFNB2_EPHB6;EFNB3_EPHB6;EFNA5_EPHA4,1,1,151507
1,gs_ind_0,ECM-receptor interaction,9/10,5.87546508825762e-06,8.813197632386431e-05,6.8268398268398265,SPP1_ITGAV;LAMC1_ITGAV;COL1A1_ITGAV;COL4A1_ITGAV;COL4A1_ITGB1;RELN_ITGB1;COL1A1_ITGB1;COL6A1_ITGB1;COL1A2_ITGAV,4,4,151507
2,gs_ind_0,Focal adhesion,9/11,2.878118069086977e-05,0.00021585885518152326,6.08300395256917,SPP1_ITGAV;LAMC1_ITGAV;COL1A1_ITGAV;COL4A1_ITGAV;COL4A1_ITGB1;RELN_ITGB1;COL1A1_ITGB1;COL6A1_ITGB1;COL1A2_ITGAV,4,4,151507
4,gs_ind_0,Human papillomavirus infection,9/12,0.00010227035158258373,0.0005113517579129187,5.458181818181818,SPP1_ITGAV;LAMC1_ITGAV;COL1A1_ITGAV;COL4A1_ITGAV;COL4A1_ITGB1;RELN_ITGB1;COL1A1_ITGB1;COL6A1_ITGB1;COL1A2_ITGAV,4,4,151507
6,gs_ind_0,PI3K-Akt signaling pathway,9/15,0.0016042108100554418,0.006015790537707907,4.067448680351906,SPP1_ITGAV;LAMC1_ITGAV;COL4A1_ITGAV;COL1A1_ITGAV;COL4A1_ITGB1;RELN_ITGB1;COL1A1_ITGB1;COL6A1_ITGB1;COL1A2_ITGAV,4,4,151507
8,gs_ind_0,ECM-receptor interaction,10/10,0.00015349039170344046,0.007214048410061701,2.8620689655172415,RELN_ITGA3;SPP1_ITGAV;LAMC1_ITGAV;COL1A1_ITGAV;COL4A1_ITGAV;COL4A1_ITGB1;RELN_ITGB1;COL1A1_ITGB1;COL6A1_ITGB1;COL1A2_ITGAV,5,5,151507
10,gs_ind_0,Focal adhesion,10/11,0.0011642807760919504,0.027360598238160835,2.550224887556222,RELN_ITGA3;SPP1_ITGAV;LAMC1_ITGAV;COL1A1_ITGAV;COL4A1_ITGAV;COL4A1_ITGB1;RELN_ITGB1;COL1A1_ITGB1;COL6A1_ITGB1;COL1A2_ITGAV,5,5,151507
29,gs_ind_0,PI3K-Akt signaling pathway,12/15,0.0027723313346224017,0.0434331909090843,2.3548387096774195,FGF17_FGFR3;RELN_ITGA3;SPP1_ITGAV;LAMC1_ITGAV;COL4A1_ITGAV;COL1A1_ITGAV;COL4A1_ITGB1;RELN_ITGB1;COL1A1_ITGB1;NTF3_NTRK2;COL1A2_ITGAV;COL6A1_ITGB1,5,5,151507
2,gs_ind_0,ECM-receptor interaction,9/10,3.1962530080121456e-05,0.00047943795120182183,5.006349206349206,SPP1_ITGAV;LAMC1_ITGAV;COL1A1_ITGAV;COL4A1_ITGAV;COL4A1_ITGB1;RELN_ITGB1;COL1A1_ITGB1;COL6A1_ITGB1;COL1A2_ITGAV,7,7,151507
3,gs_ind_0,Focal adhesion,9/11,0.0001488986157391024,0.001116739618043268,4.460869565217391,SPP1_ITGAV;LAMC1_ITGAV;COL1A1_ITGAV;COL4A1_ITGAV;COL4A1_ITGB1;RELN_ITGB1;COL1A1_ITGB1;COL6A1_ITGB1;COL1A2_ITGAV,7,7,151507
5,gs_ind_0,Human papillomavirus infection,9/12,0.0005026302748575199,0.002513151374287599,4.002666666666666,SPP1_ITGAV;LAMC1_ITGAV;COL1A1_ITGAV;COL4A1_ITGAV;COL4A1_ITGB1;RELN_ITGB1;COL1A1_ITGB1;COL6A1_ITGB1;COL1A2_ITGAV,7,7,151507
6,gs_ind_0,PI3K-Akt signaling pathway,9/15,0.006714249554497832,0.02517843582936687,2.9827956989247313,SPP1_ITGAV;LAMC1_ITGAV;COL1A1_ITGAV;COL4A1_ITGAV;COL4A1_ITGB1;RELN_ITGB1;COL1A1_ITGB1;COL6A1_ITGB1;COL1A2_ITGAV,7,7,151507
1,gs_ind_0,ECM-receptor interaction,13/19,1.263995875310801e-06,1.7695942254351217e-05,8.604395604395604,COL1A2_ITGB1;THBS1_SDC4;LAMC1_ITGAV;CHAD_ITGB1;COL1A1_ITGAV;FN1_ITGB1;FN1_ITGAV;COL1A1_ITGB1;LAMC1_ITGB1;COL6A2_ITGB1;COL6A1_ITGB1;COL1A2_ITGAV;LAMB2_ITGB1,3,3,151509
3,gs_ind_0,Focal adhesion,12/19,2.4013418858310746e-05,0.00016809393200817522,6.196581196581197,COL1A2_ITGB1;LAMC1_ITGAV;CHAD_ITGB1;COL1A1_ITGAV;FN1_ITGB1;FN1_ITGAV;COL1A1_ITGB1;LAMC1_ITGB1;COL6A2_ITGB1;COL6A1_ITGB1;COL1A2_ITGAV;LAMB2_ITGB1,3,3,151509
4,gs_ind_0,Human papillomavirus infection,12/20,5.496321524215952e-05,0.00019237125334755834,5.7588075880758804,COL1A2_ITGB1;LAMC1_ITGAV;CHAD_ITGB1;COL1A1_ITGAV;FN1_ITGB1;FN1_ITGAV;COL1A1_ITGB1;LAMC1_ITGB1;COL6A2_ITGB1;COL6A1_ITGB1;COL1A2_ITGAV;LAMB2_ITGB1,3,3,151509
5,gs_ind_0,PI3K-Akt signaling pathway,12/20,5.496321524215952e-05,0.00019237125334755834,5.7588075880758804,COL1A2_ITGB1;LAMC1_ITGAV;CHAD_ITGB1;COL1A1_ITGAV;FN1_ITGB1;FN1_ITGAV;COL1A1_ITGB1;LAMC1_ITGB1;COL6A2_ITGB1;COL6A1_ITGB1;COL1A2_ITGAV;LAMB2_ITGB1,3,3,151509
5,gs_ind_0,ECM-receptor interaction,19/19,8.112257500413292e-08,2.109186950107456e-06,3.2222222222222223,LAMA4_ITGB1;THBS1_SDC4;FN1_ITGB1;COL1A1_ITGB1;COL6A2_ITGB1;LAMB1_ITGB1;CHAD_ITGB1;LAMC1_ITGAV;COMP_ITGB1;COL4A1_ITGB1;COL6A1_ITGB1;COL1A2_ITGAV;LAMB2_ITGB1;COL1A2_ITGB1;SPP1_ITGAV;FN1_ITGAV;LAMB1_ITGAV;COL1A1_ITGAV;LAMC1_ITGB1,4,4,151509
7,gs_ind_0,Focal adhesion,18/19,3.3839702716009737e-06,4.3991613530812654e-05,2.8461538461538463,LAMB1_ITGB1;LAMA4_ITGB1;COL1A2_ITGB1;SPP1_ITGAV;CHAD_ITGB1;LAMC1_ITGAV;COMP_ITGB1;COL1A1_ITGAV;FN1_ITGB1;COL4A1_ITGB1;FN1_ITGAV;COL1A1_ITGB1;LAMC1_ITGB1;COL6A2_ITGB1;COL6A1_ITGB1;COL1A2_ITGAV;LAMB1_ITGAV;LAMB2_ITGB1,4,4,151509
9,gs_ind_0,Human papillomavirus infection,18/20,2.3431487685828312e-05,0.000152304669957884,2.6450798990748527,LAMB1_ITGB1;LAMA4_ITGB1;COL1A2_ITGB1;SPP1_ITGAV;CHAD_ITGB1;LAMC1_ITGAV;COMP_ITGB1;COL1A1_ITGAV;FN1_ITGB1;COL4A1_ITGB1;FN1_ITGAV;COL1A1_ITGB1;LAMC1_ITGB1;COL6A2_ITGB1;COL6A1_ITGB1;COL1A2_ITGAV;LAMB1_ITGAV;LAMB2_ITGB1,4,4,151509
15,gs_ind_0,PI3K-Akt signaling pathway,18/20,2.3431487685828312e-05,0.000152304669957884,2.6450798990748527,LAMB1_ITGB1;LAMA4_ITGB1;COL1A2_ITGB1;SPP1_ITGAV;CHAD_ITGB1;LAMC1_ITGAV;COMP_ITGB1;COL1A1_ITGAV;FN1_ITGB1;COL4A1_ITGB1;FN1_ITGAV;COL1A1_ITGB1;LAMC1_ITGB1;COL6A2_ITGB1;COL6A1_ITGB1;COL1A2_ITGAV;LAMB1_ITGAV;LAMB2_ITGB1,4,4,151509
20,gs_ind_0,Small cell lung cancer,9/9,0.0013826275507151772,0.0071896632637189215,2.276595744680851,LAMB1_ITGB1;LAMA4_ITGB1;LAMC1_ITGAV;FN1_ITGB1;COL4A1_ITGB1;FN1_ITGAV;LAMC1_ITGB1;LAMB1_ITGAV;LAMB2_ITGB1,4,4,151509
2,gs_ind_0,ECM-receptor interaction,19/19,4.135837620714972e-11,6.617340193143956e-10,6.6923076923076925,LAMA4_ITGB1;THBS1_SDC4;FN1_ITGB1;COL1A1_ITGB1;COL6A2_ITGB1;LAMB1_ITGB1;CHAD_ITGB1;LAMC1_ITGAV;COMP_ITGB1;COL4A1_ITGB1;COL6A1_ITGB1;COL1A2_ITGAV;LAMB2_ITGB1;COL1A2_ITGB1;SPP1_ITGAV;FN1_ITGAV;LAMB1_ITGAV;COL1A1_ITGAV;LAMC1_ITGB1,5,5,151509
5,gs_ind_0,Focal adhesion,18/19,4.1949210152966145e-09,3.3559368122372916e-08,5.5025641025641026,LAMB1_ITGB1;LAMA4_ITGB1;COL1A2_ITGB1;SPP1_ITGAV;CHAD_ITGB1;LAMC1_ITGAV;COMP_ITGB1;COL1A1_ITGAV;FN1_ITGB1;COL4A1_ITGB1;FN1_ITGAV;COL1A1_ITGB1;LAMC1_ITGB1;COL6A2_ITGB1;COL6A1_ITGB1;COL1A2_ITGAV;LAMB1_ITGAV;LAMB2_ITGB1,5,5,151509
6,gs_ind_0,Human papillomavirus infection,18/20,3.549153252843584e-08,1.4196613011374335e-07,5.1138211382113825,LAMB1_ITGB1;LAMA4_ITGB1;COL1A2_ITGB1;SPP1_ITGAV;CHAD_ITGB1;LAMC1_ITGAV;COMP_ITGB1;COL1A1_ITGAV;FN1_ITGB1;COL4A1_ITGB1;FN1_ITGAV;COL1A1_ITGB1;LAMC1_ITGB1;COL6A2_ITGB1;COL6A1_ITGB1;COL1A2_ITGAV;LAMB1_ITGAV;LAMB2_ITGB1,5,5,151509
7,gs_ind_0,PI3K-Akt signaling pathway,18/20,3.549153252843584e-08,1.4196613011374335e-07,5.1138211382113825,LAMB1_ITGB1;LAMA4_ITGB1;COL1A2_ITGB1;SPP1_ITGAV;CHAD_ITGB1;LAMC1_ITGAV;COMP_ITGB1;COL1A1_ITGAV;FN1_ITGB1;COL4A1_ITGB1;FN1_ITGAV;COL1A1_ITGB1;LAMC1_ITGB1;COL6A2_ITGB1;COL6A1_ITGB1;COL1A2_ITGAV;LAMB1_ITGAV;LAMB2_ITGB1,5,5,151509
8,gs_ind_0,Pathways in cancer,9/12,0.008435065928801128,0.022493509143469675,2.326060606060606,LAMB1_ITGB1;LAMA4_ITGB1;LAMC1_ITGAV;COL4A1_ITGB1;FN1_ITGB1;FN1_ITGAV;LAMC1_ITGB1;LAMB1_ITGAV;LAMB2_ITGB1,5,5,151509
12,gs_ind_0,Small cell lung cancer,9/9,0.00010070568154153972,0.00032225818093292713,3.242424242424242,LAMB1_ITGB1;LAMA4_ITGB1;LAMC1_ITGAV;FN1_ITGB1;COL4A1_ITGB1;FN1_ITGAV;LAMC1_ITGB1;LAMB1_ITGAV;LAMB2_ITGB1,5,5,151509
3,gs_ind_0,ECM-receptor interaction,16/19,3.879468863285769e-06,7.758937726571536e-05,3.874493927125506,LAMA4_ITGB1;COL1A2_ITGB1;THBS1_SDC4;SPP1_ITGAV;CHAD_ITGB1;COMP_ITGB1;COL1A1_ITGAV;FN1_ITGB1;COL4A1_ITGB1;FN1_ITGAV;COL1A1_ITGB1;LAMC1_ITGB1;COL6A2_ITGB1;COL6A1_ITGB1;COL1A2_ITGAV;LAMB2_ITGB1,7,7,151509
6,gs_ind_0,Focal adhesion,15/19,5.4295412176553706e-05,0.000542954121765537,3.293040293040293,LAMA4_ITGB1;COL1A2_ITGB1;SPP1_ITGAV;CHAD_ITGB1;COMP_ITGB1;COL1A1_ITGAV;FN1_ITGB1;COL4A1_ITGB1;FN1_ITGAV;COL1A1_ITGB1;LAMC1_ITGB1;COL6A2_ITGB1;COL6A1_ITGB1;COL1A2_ITGAV;LAMB2_ITGB1,7,7,151509
8,gs_ind_0,Human papillomavirus infection,15/20,0.00017036932817686824,0.0008518466408843412,3.0603948896631823,LAMA4_ITGB1;COL1A2_ITGB1;SPP1_ITGAV;CHAD_ITGB1;COMP_ITGB1;COL1A1_ITGAV;FN1_ITGB1;COL4A1_ITGB1;FN1_ITGAV;COL1A1_ITGB1;LAMC1_ITGB1;COL6A2_ITGB1;COL6A1_ITGB1;COL1A2_ITGAV;LAMB2_ITGB1,7,7,151509
10,gs_ind_0,PI3K-Akt signaling pathway,15/20,0.00017036932817686824,0.0008518466408843412,3.0603948896631823,LAMA4_ITGB1;COL1A2_ITGB1;SPP1_ITGAV;CHAD_ITGB1;COMP_ITGB1;COL1A1_ITGAV;FN1_ITGB1;COL4A1_ITGB1;FN1_ITGAV;COL1A1_ITGB1;LAMC1_ITGB1;COL6A2_ITGB1;COL6A1_ITGB1;COL1A2_ITGAV;LAMB2_ITGB1,7,7,151509
2,gs_ind_0,ECM-receptor interaction,12/12,6.8565726314101715e-06,0.0001439880252596136,4.076923076923077,COL1A2_ITGB1;THBS1_SDC4;NPNT_ITGB1;FN1_ITGB1;LAMC2_ITGB1;COL1A1_ITGB1;COL9A2_ITGB1;COL6A2_ITGB1;LAMB3_ITGB1;SPP1_ITGB1;LAMA5_ITGB1;TNC_SDC4,5,5,151510
4,gs_ind_0,Focal adhesion,9/9,0.0002982609094663423,0.0031317395493965943,3.1052631578947367,COL1A2_ITGB1;FN1_ITGB1;LAMC2_ITGB1;COL1A1_ITGB1;COL9A2_ITGB1;COL6A2_ITGB1;LAMB3_ITGB1;SPP1_ITGB1;LAMA5_ITGB1,5,5,151510
6,gs_ind_0,Human papillomavirus infection,9/10,0.002149535519947088,0.011285061479722214,2.7142857142857144,COL1A2_ITGB1;FN1_ITGB1;LAMC2_ITGB1;COL1A1_ITGB1;COL9A2_ITGB1;COL6A2_ITGB1;LAMB3_ITGB1;SPP1_ITGB1;LAMA5_ITGB1,5,5,151510
10,gs_ind_0,PI3K-Akt signaling pathway,10/11,0.0007537332342671608,0.005276132639870126,2.9539641943734014,COL1A2_ITGB1;FN1_ITGB1;LAMC2_ITGB1;COL1A1_ITGB1;COL9A2_ITGB1;COL6A2_ITGB1;NTF3_NTRK2;SPP1_ITGB1;LAMA5_ITGB1;LAMB3_ITGB1,5,5,151510
3,gs_ind_0,ECM-receptor interaction,12/12,4.652674285599759e-05,0.0010235883428319468,3.1176470588235294,COL1A2_ITGB1;THBS1_SDC4;NPNT_ITGB1;FN1_ITGB1;LAMC2_ITGB1;COL1A1_ITGB1;COL9A2_ITGB1;COL6A2_ITGB1;LAMB3_ITGB1;SPP1_ITGB1;LAMA5_ITGB1;TNC_SDC4,6,6,151510
5,gs_ind_0,Focal adhesion,9/9,0.0010303558690655465,0.011333914559721011,2.5652173913043477,COL1A2_ITGB1;FN1_ITGB1;LAMC2_ITGB1;COL1A1_ITGB1;COL9A2_ITGB1;COL6A2_ITGB1;LAMB3_ITGB1;SPP1_ITGB1;LAMA5_ITGB1,6,6,151510
7,gs_ind_0,Human papillomavirus infection,9/10,0.006786136930742048,0.03732375311908126,2.2422360248447206,COL1A2_ITGB1;FN1_ITGB1;LAMC2_ITGB1;COL1A1_ITGB1;COL9A2_ITGB1;COL6A2_ITGB1;LAMB3_ITGB1;SPP1_ITGB1;LAMA5_ITGB1,6,6,151510
11,gs_ind_0,PI3K-Akt signaling pathway,10/11,0.0029032687542142493,0.021290637530904495,2.391304347826087,COL1A2_ITGB1;FN1_ITGB1;LAMC2_ITGB1;COL1A1_ITGB1;COL9A2_ITGB1;COL6A2_ITGB1;NTF3_NTRK2;SPP1_ITGB1;LAMA5_ITGB1;LAMB3_ITGB1,6,6,151510
3,gs_ind_0,ECM-receptor interaction,11/12,0.00024193906285118743,0.005322659382726124,3.2506666666666666,COL1A2_ITGB1;THBS1_SDC4;NPNT_ITGB1;FN1_ITGB1;LAMC2_ITGB1;COL1A1_ITGB1;COL9A2_ITGB1;COL6A2_ITGB1;SPP1_ITGB1;LAMA5_ITGB1;TNC_SDC4,7,7,151510
44,gs_ind_0,cAMP signaling pathway,4/8,0.0001943335282007098,0.00874500876903194,17.352941176470587,ADCYAP1_ADCYAP1R1;CGA_ADCYAP1R1;VIP_ADCYAP1R1;GNAS_ADCY1,1,1,151669
3,gs_ind_0,ECM-receptor interaction,20/53,5.372981364911987e-05,0.0011283260866315173,3.740542946150423,COL6A3_ITGB1;FN1_ITGB1;COL1A1_ITGB1;COL4A5_ITGB1;COL6A2_ITGB1;COL2A1_ITGB1;COL4A5_ITGAV;LAMC1_ITGAV;COMP_ITGB1;COL1A2_ITGAV;COL1A2_ITGB1;SPP1_ITGAV;NPNT_ITGB1;FN1_ITGB8;FN1_ITGAV;SPP1_ITGB5;THBS2_ITGB1;COL1A1_ITGAV;LAMC1_ITGB1;SPP1_ITGB1,3,3,151669
5,gs_ind_0,Focal adhesion,19/52,0.0001955828122485377,0.0013690796857397638,3.342857142857143,COL6A3_ITGB1;FN1_ITGB1;COL1A1_ITGB1;COL4A5_ITGB1;COL6A2_ITGB1;COL2A1_ITGB1;COL4A5_ITGAV;LAMC1_ITGAV;COMP_ITGB1;COL1A2_ITGAV;COL1A2_ITGB1;SPP1_ITGAV;FN1_ITGB8;FN1_ITGAV;SPP1_ITGB5;THBS2_ITGB1;COL1A1_ITGAV;LAMC1_ITGB1;SPP1_ITGB1,3,3,151669
8,gs_ind_0,Human papillomavirus infection,19/51,0.0001375547356893695,0.0013690796857397638,3.4406922752216125,COL6A3_ITGB1;FN1_ITGB1;COL1A1_ITGB1;COL4A5_ITGB1;COL6A2_ITGB1;COL2A1_ITGB1;COL4A5_ITGAV;LAMC1_ITGAV;COMP_ITGB1;COL1A2_ITGAV;COL1A2_ITGB1;SPP1_ITGAV;FN1_ITGB8;FN1_ITGAV;SPP1_ITGB5;THBS2_ITGB1;COL1A1_ITGAV;LAMC1_ITGB1;SPP1_ITGB1,3,3,151669
10,gs_ind_0,PI3K-Akt signaling pathway,21/70,0.0021962871455246617,0.011530507514004475,2.74468085106383,COL6A3_ITGB1;FN1_ITGB1;COL1A1_ITGB1;COL4A5_ITGB1;COL6A2_ITGB1;COL2A1_ITGB1;COL4A5_ITGAV;LAMC1_ITGAV;COMP_ITGB1;COL1A2_ITGAV;COL1A2_ITGB1;SPP1_ITGAV;FN1_ITGB8;FN1_ITGAV;SPP1_ITGB5;FGF1_FGFR2;THBS2_ITGB1;COL1A1_ITGAV;FGF1_FGFR3;LAMC1_ITGB1;SPP1_ITGB1,3,3,151669
6,gs_ind_0,ECM-receptor interaction,27/53,8.437513211174281e-08,1.2656269816761423e-06,4.581470946769606,COL6A3_ITGB1;LAMA4_ITGB1;LAMA4_ITGAV;FN1_ITGB1;COL1A1_ITGB1;COL9A2_ITGB1;COL6A2_ITGB1;COL2A1_ITGB1;LAMB1_ITGB1;LAMC1_ITGAV;COL4A1_ITGB1;COL6A1_ITGB1;COL1A2_ITGAV;LAMA5_ITGB1;LAMB2_ITGB1;COL1A2_ITGB1;THBS1_ITGB1;NPNT_ITGB1;COL4A1_ITGAV;FN1_ITGAV;RELN_ITGB1;COL4A4_ITGAV;THBS2_ITGB1;COL1A1_ITGAV;LAMC1_ITGB1;COL4A1_ITGB8;SPP1_ITGB1,4,4,151669
9,gs_ind_0,Focal adhesion,27/52,4.607070734265149e-08,1.2656269816761423e-06,4.714285714285714,COL6A3_ITGB1;LAMA4_ITGB1;TLN1_ITGB5;LAMA4_ITGAV;FN1_ITGB1;COL1A1_ITGB1;COL9A2_ITGB1;COL6A2_ITGB1;COL2A1_ITGB1;LAMB1_ITGB1;LAMC1_ITGAV;COL4A1_ITGB1;COL6A1_ITGB1;COL1A2_ITGAV;LAMA5_ITGB1;LAMB2_ITGB1;COL1A2_ITGB1;THBS1_ITGB1;COL4A1_ITGAV;FN1_ITGAV;RELN_ITGB1;COL4A4_ITGAV;THBS2_ITGB1;COL1A1_ITGAV;LAMC1_ITGB1;COL4A1_ITGB8;SPP1_ITGB1,4,4,151669
11,gs_ind_0,Human papillomavirus infection,26/51,2.1046053031000168e-07,2.104605303100017e-06,4.301747572815534,COL6A3_ITGB1;LAMA4_ITGB1;LAMA4_ITGAV;FN1_ITGB1;COL1A1_ITGB1;COL9A2_ITGB1;COL6A2_ITGB1;COL2A1_ITGB1;LAMB1_ITGB1;LAMC1_ITGAV;COL4A1_ITGB1;COL6A1_ITGB1;COL1A2_ITGAV;LAMA5_ITGB1;LAMB2_ITGB1;COL1A2_ITGB1;THBS1_ITGB1;COL4A1_ITGAV;FN1_ITGAV;RELN_ITGB1;COL4A4_ITGAV;THBS2_ITGB1;COL1A1_ITGAV;LAMC1_ITGB1;COL4A1_ITGB8;SPP1_ITGB1,4,4,151669
17,gs_ind_0,PI3K-Akt signaling pathway,28/70,4.649178442877848e-05,0.00034868838321583856,3.291793313069909,IGF1_INSR;COL6A3_ITGB1;LAMA4_ITGB1;LAMA4_ITGAV;FN1_ITGB1;COL1A1_ITGB1;COL9A2_ITGB1;COL6A2_ITGB1;COL2A1_ITGB1;LAMB1_ITGB1;LAMC1_ITGAV;FGF2_FGFR3;COL4A1_ITGB1;COL6A1_ITGB1;COL1A2_ITGAV;LAMA5_ITGB1;LAMB2_ITGB1;COL1A2_ITGB1;THBS1_ITGB1;COL4A1_ITGAV;FN1_ITGAV;RELN_ITGB1;COL4A4_ITGAV;THBS2_ITGB1;COL1A1_ITGAV;LAMC1_ITGB1;COL4A1_ITGB8;SPP1_ITGB1,4,4,151669
25,gs_ind_0,Small cell lung cancer,12/21,0.0005652256634296777,0.003391353980578066,2.950855638437911,LAMB1_ITGB1;LAMA4_ITGB1;LAMA4_ITGAV;LAMC1_ITGAV;COL4A1_ITGAV;FN1_ITGB1;COL4A1_ITGB1;FN1_ITGAV;LAMC1_ITGB1;COL4A4_ITGAV;LAMA5_ITGB1;LAMB2_ITGB1,4,4,151669
3,gs_ind_0,ECM-receptor interaction,20/44,1.1971664820803126e-05,0.0003232349501616844,4.194559432288587,COL6A3_ITGB1;THBS1_SDC4;FN1_ITGB1;COL1A1_ITGB1;COL9A2_ITGB1;COL6A2_ITGB1;COL6A1_ITGB1;COL1A2_ITGAV;TNC_SDC4;LAMB2_ITGB1;COL1A2_ITGB1;SPP1_ITGAV;NPNT_ITGB1;TNC_ITGAV;FN1_ITGB8;FN1_ITGAV;THBS2_ITGB1;COL1A1_ITGAV;COL9A3_ITGB1;SPP1_ITGB1,1,1,151670
6,gs_ind_0,Focal adhesion,17/42,0.0008501807165752132,0.011077132273701525,2.915294117647059,COL6A3_ITGB1;COL1A2_ITGB1;THBS2_ITGB1;SPP1_ITGAV;TNC_ITGAV;COL1A1_ITGAV;FN1_ITGB8;FN1_ITGB1;FN1_ITGAV;COL9A3_ITGB1;COL1A1_ITGB1;COL9A2_ITGB1;SPP1_ITGB1;COL6A2_ITGB1;COL6A1_ITGB1;COL1A2_ITGAV;LAMB2_ITGB1,1,1,151670
11,gs_ind_0,Human papillomavirus infection,17/43,0.001230792474855725,0.011077132273701525,2.8160919540229883,COL6A3_ITGB1;COL1A2_ITGB1;THBS2_ITGB1;SPP1_ITGAV;TNC_ITGAV;COL1A1_ITGAV;FN1_ITGB8;FN1_ITGB1;FN1_ITGAV;COL9A3_ITGB1;COL1A1_ITGB1;COL9A2_ITGB1;SPP1_ITGB1;COL6A2_ITGB1;COL6A1_ITGB1;COL1A2_ITGAV;LAMB2_ITGB1,1,1,151670
0,gs_ind_0,Axon guidance,6/15,0.000280179854117892,0.00420269781176838,8.806451612903226,EFNB2_EPHB6;SEMA4D_PLXNB2;SEMA4A_PLXNB1;SEMA4A_PLXNB2;SLIT1_ROBO1;EFNB3_EPHB6,2,2,151670
4,gs_ind_0,ECM-receptor interaction,21/44,4.743165637792657e-05,0.0018498345987391362,3.343370786516854,COL6A3_ITGB1;THBS1_SDC4;FN1_ITGB1;COL1A1_ITGB1;COL9A2_ITGB1;COL6A2_ITGB1;LAMB1_ITGB1;LAMC1_ITGAV;COL6A1_ITGB1;COL1A2_ITGAV;LAMA5_ITGB1;TNC_SDC4;LAMB2_ITGB1;COL1A2_ITGB1;THBS1_ITGB1;COL4A1_ITGAV;FN1_ITGB8;FN1_ITGAV;COL1A1_ITGAV;LAMC1_ITGB1;COL4A1_ITGB8,4,4,151670
8,gs_ind_0,Focal adhesion,20/42,9.636781978122014e-05,0.0018791724857337927,3.1620915032679737,COL6A3_ITGB1;FN1_ITGB1;COL1A1_ITGB1;COL9A2_ITGB1;COL6A2_ITGB1;IGF1_IGF1R;LAMB1_ITGB1;LAMC1_ITGAV;COL6A1_ITGB1;COL1A2_ITGAV;LAMA5_ITGB1;LAMB2_ITGB1;COL1A2_ITGB1;THBS1_ITGB1;COL4A1_ITGAV;FN1_ITGB8;FN1_ITGAV;COL1A1_ITGAV;LAMC1_ITGB1;COL4A1_ITGB8,4,4,151670
12,gs_ind_0,Human papillomavirus infection,19/43,0.0007146268428061382,0.009290148956479796,2.705112960760999,COL6A3_ITGB1;FN1_ITGB1;COL1A1_ITGB1;COL9A2_ITGB1;COL6A2_ITGB1;LAMB1_ITGB1;LAMC1_ITGAV;COL6A1_ITGB1;COL1A2_ITGAV;LAMA5_ITGB1;LAMB2_ITGB1;COL1A2_ITGB1;THBS1_ITGB1;COL4A1_ITGAV;FN1_ITGB8;FN1_ITGAV;COL1A1_ITGAV;LAMC1_ITGB1;COL4A1_ITGB8,4,4,151670
22,gs_ind_0,PI3K-Akt signaling pathway,23/63,0.004129081186395838,0.04025854156735942,2.3790776152980877,COL6A3_ITGB1;FN1_ITGB1;COL1A1_ITGB1;COL9A2_ITGB1;COL6A2_ITGB1;IGF1_IGF1R;LAMB1_ITGB1;LAMC1_ITGAV;COL6A1_ITGB1;COL1A2_ITGAV;LAMA5_ITGB1;LAMB2_ITGB1;FGF18_FGFR3;COL1A2_ITGB1;THBS1_ITGB1;COL4A1_ITGAV;FN1_ITGB8;FN1_ITGAV;FGF9_FGFR3;COL1A1_ITGAV;FGF1_FGFR3;LAMC1_ITGB1;COL4A1_ITGB8,4,4,151670
28,gs_ind_0,Proteoglycans in cancer,7/11,0.005862572802726606,0.04572806786126753,2.940935192780968,COL1A2_ITGB1;DCN_ERBB4;DCN_MET;FN1_ITGB1;FN1_ITGAV;COL1A1_ITGB1;IGF1_IGF1R,4,4,151670
3,gs_ind_0,ECM-receptor interaction,25/34,1.5969651641744162e-09,3.3536268447662745e-08,5.407322654462242,COL6A3_ITGB1;LAMA4_ITGB1;LAMA4_ITGAV;THBS1_SDC4;FN1_ITGB1;LAMC3_ITGB1;COL1A1_ITGB1;COL9A2_ITGB1;COL4A5_ITGB1;COL6A2_ITGB1;COL4A5_ITGAV;COL4A1_ITGB1;COL6A1_ITGB1;COL1A2_ITGAV;LAMA5_ITGB1;LAMB2_ITGB1;COL1A2_ITGB1;SPP1_ITGAV;FN1_ITGB8;FN1_ITGAV;THBS2_ITGB1;COL1A1_ITGAV;COL9A3_ITGB1;LAMC1_ITGB1;SPP1_ITGB1,2,2,151672
5,gs_ind_0,Focal adhesion,24/34,2.4344033873769344e-08,1.704082371163854e-07,4.700483091787439,COL6A3_ITGB1;LAMA4_ITGB1;LAMA4_ITGAV;FN1_ITGB1;LAMC3_ITGB1;COL1A1_ITGB1;COL9A2_ITGB1;COL4A5_ITGB1;COL6A2_ITGB1;COL4A5_ITGAV;COL4A1_ITGB1;COL6A1_ITGB1;COL1A2_ITGAV;LAMA5_ITGB1;LAMB2_ITGB1;COL1A2_ITGB1;SPP1_ITGAV;FN1_ITGB8;FN1_ITGAV;THBS2_ITGB1;COL1A1_ITGAV;COL9A3_ITGB1;LAMC1_ITGB1;SPP1_ITGB1,2,2,151672
8,gs_ind_0,Human papillomavirus infection,24/34,2.4344033873769344e-08,1.704082371163854e-07,4.700483091787439,COL6A3_ITGB1;LAMA4_ITGB1;LAMA4_ITGAV;FN1_ITGB1;LAMC3_ITGB1;COL1A1_ITGB1;COL9A2_ITGB1;COL4A5_ITGB1;COL6A2_ITGB1;COL4A5_ITGAV;COL4A1_ITGB1;COL6A1_ITGB1;COL1A2_ITGAV;LAMA5_ITGB1;LAMB2_ITGB1;COL1A2_ITGB1;SPP1_ITGAV;FN1_ITGB8;FN1_ITGAV;THBS2_ITGB1;COL1A1_ITGAV;COL9A3_ITGB1;LAMC1_ITGB1;SPP1_ITGB1,2,2,151672
10,gs_ind_0,PI3K-Akt signaling pathway,25/52,0.0009348795881535232,0.003926494270244798,2.6330827067669174,COL6A3_ITGB1;LAMA4_ITGB1;LAMA4_ITGAV;FN1_ITGB1;LAMC3_ITGB1;COL1A1_ITGB1;COL9A2_ITGB1;COL6A2_ITGB1;COL4A5_ITGB1;COL4A5_ITGAV;COL4A1_ITGB1;COL6A1_ITGB1;COL1A2_ITGAV;LAMA5_ITGB1;LAMB2_ITGB1;COL1A2_ITGB1;SPP1_ITGAV;FN1_ITGB8;FN1_ITGAV;FGF1_FGFR2;THBS2_ITGB1;COL1A1_ITGAV;COL9A3_ITGB1;LAMC1_ITGB1;SPP1_ITGB1,2,2,151672
17,gs_ind_0,Small cell lung cancer,11/15,0.0006817289469300014,0.0035790769713825075,2.7940974605353466,LAMA4_ITGB1;LAMA4_ITGAV;COL4A5_ITGAV;COL4A1_ITGB1;FN1_ITGB1;LAMC3_ITGB1;FN1_ITGAV;LAMC1_ITGB1;COL4A5_ITGB1;LAMA5_ITGB1;LAMB2_ITGB1,2,2,151672
5,gs_ind_0,ECM-receptor interaction,28/34,2.0221182812124386e-10,5.459719359273584e-09,4.59304347826087,COL6A3_ITGB1;LAMA4_ITGB1;LAMA1_ITGB8;LAMA4_ITGAV;THBS1_SDC4;FN1_ITGB1;LAMC3_ITGB1;COL1A1_ITGB1;COL9A2_ITGB1;COL4A5_ITGB1;COL6A2_ITGB1;COL4A5_ITGAV;COL4A1_ITGB1;COL6A1_ITGB1;COL1A2_ITGAV;LAMA5_ITGB1;LAMB2_ITGB1;COL1A2_ITGB1;SPP1_ITGAV;COL4A1_ITGAV;FN1_ITGB8;FN1_ITGAV;THBS2_ITGB1;COL1A1_ITGAV;COL9A3_ITGB1;LAMC1_ITGB1;LAMB3_ITGB1;SPP1_ITGB1,4,4,151672
7,gs_ind_0,Focal adhesion,27/34,3.598689659186328e-09,3.2388206932676956e-08,4.103596349973161,COL6A3_ITGB1;LAMA4_ITGB1;LAMA1_ITGB8;LAMA4_ITGAV;FN1_ITGB1;LAMC3_ITGB1;COL1A1_ITGB1;COL9A2_ITGB1;COL4A5_ITGB1;COL6A2_ITGB1;COL4A5_ITGAV;COL4A1_ITGB1;COL6A1_ITGB1;COL1A2_ITGAV;LAMA5_ITGB1;LAMB2_ITGB1;COL1A2_ITGB1;SPP1_ITGAV;COL4A1_ITGAV;FN1_ITGB8;FN1_ITGAV;THBS2_ITGB1;COL1A1_ITGAV;COL9A3_ITGB1;LAMC1_ITGB1;LAMB3_ITGB1;SPP1_ITGB1,4,4,151672
10,gs_ind_0,Human papillomavirus infection,27/34,3.598689659186328e-09,3.2388206932676956e-08,4.103596349973161,COL6A3_ITGB1;LAMA4_ITGB1;LAMA1_ITGB8;LAMA4_ITGAV;FN1_ITGB1;LAMC3_ITGB1;COL1A1_ITGB1;COL9A2_ITGB1;COL4A5_ITGB1;COL6A2_ITGB1;COL4A5_ITGAV;COL4A1_ITGB1;COL6A1_ITGB1;COL1A2_ITGAV;LAMA5_ITGB1;LAMB2_ITGB1;COL1A2_ITGB1;SPP1_ITGAV;COL4A1_ITGAV;FN1_ITGB8;FN1_ITGAV;THBS2_ITGB1;COL1A1_ITGAV;COL9A3_ITGB1;LAMC1_ITGB1;LAMB3_ITGB1;SPP1_ITGB1,4,4,151672
15,gs_ind_0,PI3K-Akt signaling pathway,28/52,0.0014477180027966392,0.007817677215101852,2.2365714285714287,COL6A3_ITGB1;LAMA4_ITGB1;LAMA1_ITGB8;LAMA4_ITGAV;FN1_ITGB1;LAMC3_ITGB1;COL1A1_ITGB1;COL9A2_ITGB1;COL4A5_ITGB1;COL6A2_ITGB1;COL4A5_ITGAV;COL4A1_ITGB1;COL6A1_ITGB1;COL1A2_ITGAV;LAMA5_ITGB1;LAMB2_ITGB1;COL1A2_ITGB1;SPP1_ITGAV;COL4A1_ITGAV;FN1_ITGB8;FN1_ITGAV;FGF1_FGFR2;THBS2_ITGB1;COL1A1_ITGAV;COL9A3_ITGB1;LAMC1_ITGB1;LAMB3_ITGB1;SPP1_ITGB1,4,4,151672
22,gs_ind_0,Small cell lung cancer,13/15,6.1239991334975e-05,0.00041336994151108125,2.802932551319648,LAMA4_ITGB1;LAMA4_ITGAV;COL4A5_ITGAV;COL4A1_ITGAV;FN1_ITGB1;COL4A1_ITGB1;LAMC3_ITGB1;FN1_ITGAV;LAMC1_ITGB1;COL4A5_ITGB1;LAMB3_ITGB1;LAMA5_ITGB1;LAMB2_ITGB1,4,4,151672
3,gs_ind_0,Neuroactive ligand-receptor interaction,3/8,0.0029328575347540463,0.01466428767377023,15.729411764705882,CORT_SSTR2;SST_SSTR2;CCK_CCKBR,5,5,151672
26,gs_ind_0,Neuroactive ligand-receptor interaction,5/13,0.0005558707314814773,0.012785026824073977,8.747276688453159,SST_SSTR1;CCK_CCKBR;VIP_VIPR2;ADCYAP1_ADCYAP1R1;VIP_VIPR1,1,1,151673
45,gs_ind_0,cAMP signaling pathway,6/9,1.8511695142472672e-06,8.515379765537429e-05,17.014035087719297,SST_SSTR1;VIP_ADCYAP1R1;ADCYAP1_VIPR2;VIP_VIPR2;ADCYAP1_ADCYAP1R1;GNAS_ADCY1,1,1,151673
4,gs_ind_0,ECM-receptor interaction,26/68,0.0002919198167445899,0.008173754868848518,2.529477821448624,FN1_ITGB1;COL1A1_ITGB1;COL9A2_ITGB1;COL6A2_ITGB1;COL4A5_ITGB1;COL4A5_ITGAV;COL4A1_ITGB1;TNC_ITGB1;COL9A1_ITGB1;COL6A1_ITGB1;COL1A2_ITGAV;TNC_SDC4;LAMB2_ITGB1;COL1A2_ITGB1;SPP1_ITGAV;NPNT_ITGB1;TNC_ITGAV;COL4A1_ITGAV;FN1_ITGB8;FN1_ITGAV;LAMA3_ITGB1;THBS2_ITGB1;COL1A1_ITGAV;COL9A3_ITGB1;COL4A1_ITGB8;SPP1_ITGB1,3,3,151673
7,gs_ind_0,Focal adhesion,26/73,0.0013302166089777384,0.012381423624159097,2.264957264957265,TLN1_ITGB5;FN1_ITGB1;COL1A1_ITGB1;COL9A2_ITGB1;COL6A2_ITGB1;COL4A5_ITGB1;COL4A5_ITGAV;COL4A1_ITGB1;TNC_ITGB1;COL9A1_ITGB1;COL6A1_ITGB1;COL1A2_ITGAV;LAMB2_ITGB1;TNC_ITGA7;COL1A2_ITGB1;SPP1_ITGAV;TNC_ITGAV;COL4A1_ITGAV;FN1_ITGB8;FN1_ITGAV;LAMA3_ITGB1;THBS2_ITGB1;COL1A1_ITGAV;COL9A3_ITGB1;COL4A1_ITGB8;SPP1_ITGB1,3,3,151673
10,gs_ind_0,Human papillomavirus infection,25/70,0.0017687748034512995,0.012381423624159097,2.2143227815256874,FN1_ITGB1;COL1A1_ITGB1;COL9A2_ITGB1;COL6A2_ITGB1;COL4A5_ITGB1;COL4A5_ITGAV;COL4A1_ITGB1;TNC_ITGB1;COL9A1_ITGB1;COL6A1_ITGB1;COL1A2_ITGAV;LAMB2_ITGB1;TNC_ITGA7;COL1A2_ITGB1;SPP1_ITGAV;TNC_ITGAV;COL4A1_ITGAV;FN1_ITGB8;FN1_ITGAV;LAMA3_ITGB1;THBS2_ITGB1;COL1A1_ITGAV;COL9A3_ITGB1;COL4A1_ITGB8;SPP1_ITGB1,3,3,151673
13,gs_ind_0,PI3K-Akt signaling pathway,33/102,0.0009909191742861912,0.012381423624159097,2.4446829268292682,TGFA_ERBB3;FN1_ITGB1;COL1A1_ITGB1;COL9A2_ITGB1;COL6A2_ITGB1;COL4A5_ITGB1;COL4A5_ITGAV;COL4A1_ITGB1;TNC_ITGB1;FGF20_FGFR2;COL9A1_ITGB1;FGF7_FGFR2;COL6A1_ITGB1;COL1A2_ITGAV;AREG_ERBB3;LAMB2_ITGB1;TNC_ITGA7;FGF17_FGFR2;COL1A2_ITGB1;SPP1_ITGAV;TNC_ITGAV;COL4A1_ITGAV;FN1_ITGB8;FN1_ITGAV;LAMA3_ITGB1;FGF22_FGFR2;FGF1_FGFR2;THBS2_ITGB1;COL1A1_ITGAV;COL9A3_ITGB1;FGF1_FGFR3;COL4A1_ITGB8;SPP1_ITGB1,3,3,151673
3,gs_ind_0,ECM-receptor interaction,18/68,0.00029614664704307657,0.005657821074176203,3.6246638494045333,COL1A2_ITGB1;LAMA1_ITGB8;THBS2_ITGB1;COL4A5_ITGAV;SPP1_ITGAV;TNC_ITGAV;COL1A1_ITGAV;FN1_ITGB8;FN1_ITGB1;FN1_ITGAV;COL9A3_ITGB1;TNC_ITGB1;COL1A1_ITGB1;COL9A2_ITGB1;SPP1_ITGB1;COL4A5_ITGB1;COL1A2_ITGAV;TNC_SDC4,4,4,151673
6,gs_ind_0,Focal adhesion,18/73,0.0009102736454107559,0.0072821891632860476,3.245614035087719,COL1A2_ITGB1;LAMA1_ITGB8;THBS2_ITGB1;COL4A5_ITGAV;SPP1_ITGAV;TNC_ITGAV;COL1A1_ITGAV;FN1_ITGB8;FN1_ITGB1;FN1_ITGAV;COL9A3_ITGB1;TNC_ITGB1;COL1A1_ITGB1;COL9A2_ITGB1;SPP1_ITGB1;COL4A5_ITGB1;COL1A2_ITGAV;TNC_ITGA7,4,4,151673
8,gs_ind_0,Human papillomavirus infection,18/70,0.00047148508951468354,0.005657821074176203,3.4665920119447553,COL1A2_ITGB1;LAMA1_ITGB8;THBS2_ITGB1;COL4A5_ITGAV;SPP1_ITGAV;TNC_ITGAV;COL1A1_ITGAV;FN1_ITGB8;FN1_ITGB1;FN1_ITGAV;COL9A3_ITGB1;TNC_ITGB1;COL1A1_ITGB1;COL9A2_ITGB1;SPP1_ITGB1;COL4A5_ITGB1;COL1A2_ITGAV;TNC_ITGA7,4,4,151673
10,gs_ind_0,PI3K-Akt signaling pathway,21/102,0.0034347803239747707,0.020608681943848624,3.0172607879924955,TGFA_ERBB3;LAMA1_ITGB8;FN1_ITGB1;COL1A1_ITGB1;COL9A2_ITGB1;COL4A5_ITGB1;COL4A5_ITGAV;TNC_ITGB1;COL1A2_ITGAV;TNC_ITGA7;COL1A2_ITGB1;SPP1_ITGAV;TNC_ITGAV;FN1_ITGB8;FN1_ITGAV;FGF1_FGFR2;THBS2_ITGB1;COL1A1_ITGAV;COL9A3_ITGB1;FGF1_FGFR3;SPP1_ITGB1,4,4,151673
4,gs_ind_0,ECM-receptor interaction,32/68,1.9316524969077022e-06,5.4086269913415664e-05,3.102189781021898,LAMA4_ITGB1;LAMA4_ITGAV;THBS1_SDC4;FN1_ITGB1;COL1A1_ITGB1;COL9A2_ITGB1;COL6A2_ITGB1;COL4A5_ITGB1;COL4A5_ITGAV;CHAD_ITGB1;COMP_ITGB1;COL4A1_ITGB1;TNC_ITGB1;COL9A1_ITGB1;COL6A1_ITGB1;COL1A2_ITGAV;LAMA5_ITGB1;TNC_SDC4;LAMB2_ITGB1;COL1A2_ITGB1;SPP1_ITGAV;NPNT_ITGB1;TNC_ITGAV;COL4A1_ITGAV;FN1_ITGB8;LAMA3_ITGB1;FN1_ITGAV;THBS2_ITGB1;COL1A1_ITGAV;COL9A3_ITGB1;COL4A1_ITGB8;SPP1_ITGB1,6,6,151673
7,gs_ind_0,Focal adhesion,31/73,7.198923569354428e-05,0.00081784228667281,2.5609756097560976,LAMA4_ITGB1;TLN1_ITGB5;LAMA4_ITGAV;FN1_ITGB1;COL1A1_ITGB1;COL9A2_ITGB1;COL6A2_ITGB1;COL4A5_ITGB1;COL4A5_ITGAV;CHAD_ITGB1;COMP_ITGB1;COL4A1_ITGB1;TNC_ITGB1;COL9A1_ITGB1;COL6A1_ITGB1;COL1A2_ITGAV;LAMA5_ITGB1;LAMB2_ITGB1;TNC_ITGA7;COL1A2_ITGB1;SPP1_ITGAV;TNC_ITGAV;COL4A1_ITGAV;FN1_ITGB8;LAMA3_ITGB1;FN1_ITGAV;THBS2_ITGB1;COL1A1_ITGAV;COL9A3_ITGB1;COL4A1_ITGB8;SPP1_ITGB1,6,6,151673
10,gs_ind_0,Human papillomavirus infection,30/70,8.76259592863725e-05,0.00081784228667281,2.525317499587663,LAMA4_ITGB1;LAMA4_ITGAV;FN1_ITGB1;COL1A1_ITGB1;COL9A2_ITGB1;COL6A2_ITGB1;COL4A5_ITGB1;COL4A5_ITGAV;CHAD_ITGB1;COMP_ITGB1;COL4A1_ITGB1;TNC_ITGB1;COL9A1_ITGB1;COL6A1_ITGB1;COL1A2_ITGAV;LAMA5_ITGB1;LAMB2_ITGB1;TNC_ITGA7;COL1A2_ITGB1;SPP1_ITGAV;TNC_ITGAV;COL4A1_ITGAV;FN1_ITGB8;LAMA3_ITGB1;FN1_ITGAV;THBS2_ITGB1;COL1A1_ITGAV;COL9A3_ITGB1;COL4A1_ITGB8;SPP1_ITGB1,6,6,151673
14,gs_ind_0,PI3K-Akt signaling pathway,38/102,0.00016720711274556167,0.0011704497892189318,2.6014453477868114,LAMA4_ITGB1;TGFA_ERBB3;LAMA4_ITGAV;FN1_ITGB1;COL1A1_ITGB1;COL9A2_ITGB1;COL6A2_ITGB1;COL4A5_ITGB1;COL4A5_ITGAV;CHAD_ITGB1;COMP_ITGB1;COL4A1_ITGB1;TNC_ITGB1;FGF20_FGFR2;COL9A1_ITGB1;FGF7_FGFR2;COL6A1_ITGB1;COL1A2_ITGAV;LAMA5_ITGB1;AREG_ERBB3;LAMB2_ITGB1;FGF17_FGFR2;TNC_ITGA7;COL1A2_ITGB1;SPP1_ITGAV;TNC_ITGAV;COL4A1_ITGAV;FN1_ITGB8;LAMA3_ITGB1;FN1_ITGAV;FGF22_FGFR2;FGF1_FGFR2;THBS2_ITGB1;COL1A1_ITGAV;COL9A3_ITGB1;FGF1_FGFR3;COL4A1_ITGB8;SPP1_ITGB1,6,6,151673
31,gs_ind_0,Neuroactive ligand-receptor interaction,4/6,0.0006029821605266299,0.032561036668438015,10.292307692307693,SST_SSTR1;ADCYAP1_ADCYAP1R1;CORT_SSTR1;VIP_VIPR1,1,1,151675
53,gs_ind_0,cAMP signaling pathway,5/12,0.0015763572814662169,0.04256164659958786,7.141538461538461,SST_SSTR1;ADCYAP1_VIPR2;VIP_ADCYAP1R1;ADCYAP1_ADCYAP1R1;GNAS_ADCY1,1,1,151675
43,gs_ind_0,Platelet activation,4/5,0.0014574060825271501,0.043722182475814504,6.818181818181818,COL1A2_ITGB1;COL1A1_ITGB1;GNAI2_ADCY1;GNAS_ADCY1,3,3,151675
45,gs_ind_0,Proteoglycans in cancer,6/10,0.0005807048050381161,0.034842288302286965,5.786749482401656,COL1A2_ITGB1;FN1_ITGAV;VTN_ITGB1;COL1A1_ITGB1;FN1_SDC2;VTN_ITGAV,3,3,151675
3,gs_ind_0,ECM-receptor interaction,28/54,1.065306369832808e-05,0.00027697965615653005,3.0532701982835158,COL6A3_ITGB1;LAMA4_ITGB1;LAMA1_ITGB8;LAMA4_ITGAV;THBS1_SDC4;COL9A2_ITGB1;COL6A2_ITGB1;COL2A1_ITGB1;COL4A5_ITGAV;LAMC1_ITGAV;COL4A1_ITGB1;TNC_ITGB1;COL6A1_ITGB1;COL1A2_ITGAV;LAMA5_ITGB1;TNC_SDC4;LAMB2_ITGB1;COL1A2_ITGB1;LAMA2_ITGB1;SPP1_ITGAV;NPNT_ITGB1;TNC_ITGAV;FN1_ITGB8;FN1_ITGAV;RELN_ITGB1;COL1A1_ITGAV;COL4A1_ITGB8;SPP1_ITGB1,1,1,151676
6,gs_ind_0,Focal adhesion,26/54,0.00023353077627284732,0.003035900091547015,2.5145478374836174,COL6A3_ITGB1;LAMA4_ITGB1;LAMA1_ITGB8;TLN1_ITGB5;LAMA4_ITGAV;COL9A2_ITGB1;COL6A2_ITGB1;COL2A1_ITGB1;COL4A5_ITGAV;LAMC1_ITGAV;COL4A1_ITGB1;TNC_ITGB1;COL6A1_ITGB1;COL1A2_ITGAV;LAMA5_ITGB1;LAMB2_ITGB1;COL1A2_ITGB1;LAMA2_ITGB1;SPP1_ITGAV;TNC_ITGAV;FN1_ITGB8;FN1_ITGAV;RELN_ITGB1;COL1A1_ITGAV;COL4A1_ITGB8;SPP1_ITGB1,1,1,151676
9,gs_ind_0,Human papillomavirus infection,25/54,0.0008879983525805796,0.007695985722365023,2.288866848499876,COL6A3_ITGB1;LAMA4_ITGB1;LAMA1_ITGB8;LAMA4_ITGAV;COL9A2_ITGB1;COL6A2_ITGB1;COL2A1_ITGB1;COL4A5_ITGAV;LAMC1_ITGAV;COL4A1_ITGB1;TNC_ITGB1;COL6A1_ITGB1;COL1A2_ITGAV;LAMA5_ITGB1;LAMB2_ITGB1;COL1A2_ITGB1;LAMA2_ITGB1;SPP1_ITGAV;TNC_ITGAV;FN1_ITGB8;FN1_ITGAV;RELN_ITGB1;COL1A1_ITGAV;COL4A1_ITGB8;SPP1_ITGB1,1,1,151676
12,gs_ind_0,PI3K-Akt signaling pathway,30/73,0.0023412143762546467,0.015217893445655203,2.197782816830436,COL6A3_ITGB1;LAMA4_ITGB1;FGF2_FGFR2;LAMA1_ITGB8;LAMA4_ITGAV;COL9A2_ITGB1;COL6A2_ITGB1;COL2A1_ITGB1;COL4A5_ITGAV;LAMC1_ITGAV;COL4A1_ITGB1;TNC_ITGB1;COL6A1_ITGB1;COL1A2_ITGAV;LAMA5_ITGB1;AREG_ERBB3;LAMB2_ITGB1;COL1A2_ITGB1;LAMA2_ITGB1;SPP1_ITGAV;TNC_ITGAV;FN1_ITGB8;FN1_ITGAV;RELN_ITGB1;FGF22_FGFR2;FGF1_FGFR2;COL1A1_ITGAV;FGF1_FGFR3;COL4A1_ITGB8;SPP1_ITGB1,1,1,151676
19,gs_ind_0,"Growth hormone synthesis, secretion and action",3/4,0.00028115925628661623,0.012371007276611114,24.28395061728395,SST_SSTR1;SST_SSTR2;GNAS_ADCY1,3,3,151676
