"","source","target","ligand","receptor","prob","pval","interaction_name","interaction_name_2","pathway_name","annotation","evidence"
"1","Cancer_region","Pancreatic_tissue","FGF19","FGFR1",5.40745835338589e-06,0,"FGF15_FGFR1","FGF15 - FGFR1","FGF","Secreted Signaling","PMC: 4393358"
"2","Duct_epithelium","Pancreatic_tissue","FGF19","FGFR1",4.64296920918999e-06,0,"FGF15_FGFR1","FGF15 - FGFR1","FGF","Secreted Signaling","PMC: 4393358"
"3","Stroma","Pancreatic_tissue","FGF19","FGFR1",5.82659256736843e-06,0,"FGF15_FGFR1","FGF15 - FGFR1","FGF","Secreted Signaling","PMC: 4393358"
"4","Cancer_region","Pancreatic_tissue","FGF19","FGFR3",8.84779165365484e-06,0,"FGF15_FGFR3","FGF15 - FGFR3","FGF","Secreted Signaling","PMC: 4393358"
"5","Duct_epithelium","Pancreatic_tissue","FGF19","FGFR3",7.59703287041326e-06,0,"FGF15_FGFR3","FGF15 - FGFR3","FGF","Secreted Signaling","PMC: 4393358"
"6","Stroma","Pancreatic_tissue","FGF19","FGFR3",9.53365138779032e-06,0,"FGF15_FGFR3","FGF15 - FGFR3","FGF","Secreted Signaling","PMC: 4393358"
"7","Cancer_region","Pancreatic_tissue","FGF19","FGFR4",3.44128245415385e-06,0,"FGF15_FGFR4","FGF15 - FGFR4","FGF","Secreted Signaling","PMC: 4393358"
"8","Duct_epithelium","Pancreatic_tissue","FGF19","FGFR4",2.95473969649444e-06,0,"FGF15_FGFR4","FGF15 - FGFR4","FGF","Secreted Signaling","PMC: 4393358"
"9","Stroma","Pancreatic_tissue","FGF19","FGFR4",3.70800339195892e-06,0,"FGF15_FGFR4","FGF15 - FGFR4","FGF","Secreted Signaling","PMC: 4393358"
"10","Pancreatic_tissue","Cancer_region","FGF23","FGFR1",3.82368385595401e-06,0,"FGF23_FGFR1","FGF23 - FGFR1","FGF","Secreted Signaling","PMC: 4393358"
"11","Pancreatic_tissue","Duct_epithelium","FGF23","FGFR1",6.87797222521474e-06,0,"FGF23_FGFR1","FGF23 - FGFR1","FGF","Secreted Signaling","PMC: 4393358"
"12","Duct_epithelium","Pancreatic_tissue","FGF23","FGFR1",4.81415455366086e-06,0.02,"FGF23_FGFR1","FGF23 - FGFR1","FGF","Secreted Signaling","PMC: 4393358"
"13","Pancreatic_tissue","Pancreatic_tissue","FGF23","FGFR1",1.65180571207602e-05,0,"FGF23_FGFR1","FGF23 - FGFR1","FGF","Secreted Signaling","PMC: 4393358"
"14","Pancreatic_tissue","Stroma","FGF23","FGFR1",4.32249471779706e-06,0.02,"FGF23_FGFR1","FGF23 - FGFR1","FGF","Secreted Signaling","PMC: 4393358"
"15","Pancreatic_tissue","Cancer_region","FGF23","FGFR3",9.940026954547e-06,0,"FGF23_FGFR3","FGF23 - FGFR3","FGF","Secreted Signaling","PMC: 4393358"
"16","Pancreatic_tissue","Duct_epithelium","FGF23","FGFR3",1.14619919690527e-05,0,"FGF23_FGFR3","FGF23 - FGFR3","FGF","Secreted Signaling","PMC: 4393358"
"17","Duct_epithelium","Pancreatic_tissue","FGF23","FGFR3",7.87711280691286e-06,0.01,"FGF23_FGFR3","FGF23 - FGFR3","FGF","Secreted Signaling","PMC: 4393358"
"18","Pancreatic_tissue","Pancreatic_tissue","FGF23","FGFR3",2.70164411486596e-05,0,"FGF23_FGFR3","FGF23 - FGFR3","FGF","Secreted Signaling","PMC: 4393358"
"19","Pancreatic_tissue","Stroma","FGF23","FGFR3",9.66091925116878e-06,0,"FGF23_FGFR3","FGF23 - FGFR3","FGF","Secreted Signaling","PMC: 4393358"
"20","Pancreatic_tissue","Cancer_region","FGF23","FGFR4",6.11753619517359e-06,0,"FGF23_FGFR4","FGF23 - FGFR4","FGF","Secreted Signaling","PMC: 4393358"
"21","Pancreatic_tissue","Duct_epithelium","FGF23","FGFR4",3.05716439815448e-06,0.02,"FGF23_FGFR4","FGF23 - FGFR4","FGF","Secreted Signaling","PMC: 4393358"
"22","Duct_epithelium","Pancreatic_tissue","FGF23","FGFR4",3.06368505669004e-06,0.01,"FGF23_FGFR4","FGF23 - FGFR4","FGF","Secreted Signaling","PMC: 4393358"
"23","Pancreatic_tissue","Pancreatic_tissue","FGF23","FGFR4",1.05144057532901e-05,0,"FGF23_FGFR4","FGF23 - FGFR4","FGF","Secreted Signaling","PMC: 4393358"
"24","Pancreatic_tissue","Stroma","FGF23","FGFR4",3.81400833007222e-06,0,"FGF23_FGFR4","FGF23 - FGFR4","FGF","Secreted Signaling","PMC: 4393358"
"25","Stroma","Duct_epithelium","PDGFB","PDGFRA",3.55376260702829e-06,0.01,"PDGFB_PDGFRA","PDGFB - PDGFRA","PDGF","Secreted Signaling","PMID: 15207812"
"26","Stroma","Pancreatic_tissue","PDGFB","PDGFRA",2.69949805759576e-06,0,"PDGFB_PDGFRA","PDGFB - PDGFRA","PDGF","Secreted Signaling","PMID: 15207812"
"27","Stroma","Duct_epithelium","PDGFB","PDGFRB",1.03373998771729e-05,0,"PDGFB_PDGFRB","PDGFB - PDGFRB","PDGF","Secreted Signaling","PMID: 15207812"
"28","Cancer_region","Pancreatic_tissue","PDGFB","PDGFRB",5.4334738638849e-06,0.01,"PDGFB_PDGFRB","PDGFB - PDGFRB","PDGF","Secreted Signaling","PMID: 15207812"
"29","Duct_epithelium","Pancreatic_tissue","PDGFB","PDGFRB",6.97794208941285e-06,0,"PDGFB_PDGFRB","PDGFB - PDGFRB","PDGF","Secreted Signaling","PMID: 15207812"
"30","Pancreatic_tissue","Pancreatic_tissue","PDGFB","PDGFRB",2.82801343380499e-06,0.02,"PDGFB_PDGFRB","PDGFB - PDGFRB","PDGF","Secreted Signaling","PMID: 15207812"
"31","Stroma","Pancreatic_tissue","PDGFB","PDGFRB",1.09548086377266e-05,0,"PDGFB_PDGFRB","PDGFB - PDGFRB","PDGF","Secreted Signaling","PMID: 15207812"
"32","Pancreatic_tissue","Cancer_region","INS","INSR",7.38703856111145e-06,0,"INS_INSSR","INS - INSSR","INSULIN","Secreted Signaling","KEGG: hsa04911; PMID: 24633815"
"33","Pancreatic_tissue","Duct_epithelium","INS","INSR",7.60264136493967e-06,0,"INS_INSSR","INS - INSSR","INSULIN","Secreted Signaling","KEGG: hsa04911; PMID: 24633815"
"34","Pancreatic_tissue","Pancreatic_tissue","INS","INSR",1.71098148367305e-05,0,"INS_INSSR","INS - INSSR","INSULIN","Secreted Signaling","KEGG: hsa04911; PMID: 24633815"
"35","Stroma","Duct_epithelium","SPP1","ITGAV_ITGB1",1.18149960230039e-05,0,"SPP1_ITGAV_ITGB1","SPP1 - (ITGAV+ITGB1)","SPP1","Secreted Signaling","PMID: 21907263"
"36","Cancer_region","Pancreatic_tissue","SPP1","ITGAV_ITGB1",5.41042628879569e-06,0.01,"SPP1_ITGAV_ITGB1","SPP1 - (ITGAV+ITGB1)","SPP1","Secreted Signaling","PMID: 21907263"
"37","Stroma","Pancreatic_tissue","SPP1","ITGAV_ITGB1",1.09224429928678e-05,0,"SPP1_ITGAV_ITGB1","SPP1 - (ITGAV+ITGB1)","SPP1","Secreted Signaling","PMID: 21907263"
"38","Stroma","Cancer_region","SPP1","ITGAV_ITGB5",1.25134147753815e-05,0.04,"SPP1_ITGAV_ITGB5","SPP1 - (ITGAV+ITGB5)","SPP1","Secreted Signaling","PMID: 21907263"
"39","Stroma","Duct_epithelium","SPP1","ITGAV_ITGB5",1.24371677418264e-05,0.03,"SPP1_ITGAV_ITGB5","SPP1 - (ITGAV+ITGB5)","SPP1","Secreted Signaling","PMID: 21907263"
"40","Cancer_region","Pancreatic_tissue","SPP1","ITGAV_ITGB5",9.67741128702951e-06,0,"SPP1_ITGAV_ITGB5","SPP1 - (ITGAV+ITGB5)","SPP1","Secreted Signaling","PMID: 21907263"
"41","Stroma","Pancreatic_tissue","SPP1","ITGAV_ITGB5",1.95349802036902e-05,0,"SPP1_ITGAV_ITGB5","SPP1 - (ITGAV+ITGB5)","SPP1","Secreted Signaling","PMID: 21907263"
"42","Stroma","Duct_epithelium","SPP1","ITGAV_ITGB6",9.31556729267705e-06,0,"SPP1_ITGAV_ITGB6","SPP1 - (ITGAV+ITGB6)","SPP1","Secreted Signaling","PMID: 21907263"
"43","Cancer_region","Pancreatic_tissue","SPP1","ITGAV_ITGB6",4.19102854554489e-06,0.01,"SPP1_ITGAV_ITGB6","SPP1 - (ITGAV+ITGB6)","SPP1","Secreted Signaling","PMID: 21907263"
"44","Stroma","Pancreatic_tissue","SPP1","ITGAV_ITGB6",8.46094336354018e-06,0,"SPP1_ITGAV_ITGB6","SPP1 - (ITGAV+ITGB6)","SPP1","Secreted Signaling","PMID: 21907263"
"45","Stroma","Cancer_region","SPP1","ITGA5_ITGB1",1.62599467775346e-05,0,"SPP1_ITGA5_ITGB1","SPP1 - (ITGA5+ITGB1)","SPP1","Secreted Signaling","PMID: 21907263"
"46","Stroma","Duct_epithelium","SPP1","ITGA5_ITGB1",1.37966237262303e-05,0,"SPP1_ITGA5_ITGB1","SPP1 - (ITGA5+ITGB1)","SPP1","Secreted Signaling","PMID: 21907263"
"47","Stroma","Pancreatic_tissue","SPP1","ITGA5_ITGB1",1.16561062369452e-05,0,"SPP1_ITGA5_ITGB1","SPP1 - (ITGA5+ITGB1)","SPP1","Secreted Signaling","PMID: 21907263"
"48","Cancer_region","Cancer_region","MDK","SDC1",3.9860841549096e-05,0,"MDK_SDC1","MDK - SDC1","MK","Secreted Signaling","PMID: 28356350"
"49","Duct_epithelium","Cancer_region","MDK","SDC1",2.33335125814291e-05,0.01,"MDK_SDC1","MDK - SDC1","MK","Secreted Signaling","PMID: 28356350"
"50","Stroma","Cancer_region","MDK","SDC1",4.30453157196976e-05,0,"MDK_SDC1","MDK - SDC1","MK","Secreted Signaling","PMID: 28356350"
"51","Cancer_region","Cancer_region","MDK","ITGA6_ITGB1",2.03905150267409e-06,0.03,"MDK_ITGA6_ITGB1","MDK - (ITGA6+ITGB1)","MK","Secreted Signaling","PMID: 28356350"
"52","Cancer_region","Pancreatic_tissue","MDK","ITGA6_ITGB1",1.64790066485486e-06,0.03,"MDK_ITGA6_ITGB1","MDK - (ITGA6+ITGB1)","MK","Secreted Signaling","PMID: 28356350"
"53","Cancer_region","Pancreatic_tissue","MDK","LRP1",7.00019821574147e-06,0,"MDK_LRP1","MDK - LRP1","MK","Secreted Signaling","PMID: 28356350"
"54","Stroma","Pancreatic_tissue","MDK","LRP1",7.55922692666027e-06,0,"MDK_LRP1","MDK - LRP1","MK","Secreted Signaling","PMID: 28356350"
"55","Cancer_region","Pancreatic_tissue","C3","ITGAX_ITGB2",2.39776351066932e-06,0.01,"C3_ITGAX_ITGB2","C3 - (ITGAX+ITGB2)","COMPLEMENT","Secreted Signaling","PMID: 16234578"
"56","Duct_epithelium","Pancreatic_tissue","C3","ITGAX_ITGB2",2.09483089278536e-06,0.01,"C3_ITGAX_ITGB2","C3 - (ITGAX+ITGB2)","COMPLEMENT","Secreted Signaling","PMID: 16234578"
"57","Stroma","Pancreatic_tissue","C3","ITGAX_ITGB2",3.66209163474318e-06,0,"C3_ITGAX_ITGB2","C3 - (ITGAX+ITGB2)","COMPLEMENT","Secreted Signaling","PMID: 16234578"
"58","Cancer_region","Cancer_region","SEMA3B","NRP2_PLXNA1",1.39155609265069e-06,0.03,"SEMA3B_NRP2_PLXNA1","SEMA3B - (NRP2+PLXNA1)","SEMA3","Secreted Signaling","PMID: 27533782"
"59","Pancreatic_tissue","Cancer_region","SEMA3B","NRP2_PLXNA1",9.04794491525031e-07,0.03,"SEMA3B_NRP2_PLXNA1","SEMA3B - (NRP2+PLXNA1)","SEMA3","Secreted Signaling","PMID: 27533782"
"60","Stroma","Cancer_region","SEMA3B","NRP2_PLXNA1",2.82039397526702e-06,0,"SEMA3B_NRP2_PLXNA1","SEMA3B - (NRP2+PLXNA1)","SEMA3","Secreted Signaling","PMID: 27533782"
"61","Pancreatic_tissue","Pancreatic_tissue","SEMA3B","NRP2_PLXNA1",6.40092070604438e-07,0.03,"SEMA3B_NRP2_PLXNA1","SEMA3B - (NRP2+PLXNA1)","SEMA3","Secreted Signaling","PMID: 27533782"
"62","Stroma","Pancreatic_tissue","SEMA3B","NRP2_PLXNA1",1.99526663170799e-06,0,"SEMA3B_NRP2_PLXNA1","SEMA3B - (NRP2+PLXNA1)","SEMA3","Secreted Signaling","PMID: 27533782"
"63","Stroma","Duct_epithelium","SEMA3B","NRP2_PLXNA2",1.62739467164207e-06,0.03,"SEMA3B_NRP2_PLXNA2","SEMA3B - (NRP2+PLXNA2)","SEMA3","Secreted Signaling","PMID: 27533782"
"64","Cancer_region","Pancreatic_tissue","SEMA3B","NRP2_PLXNA2",1.36712197137136e-06,0.01,"SEMA3B_NRP2_PLXNA2","SEMA3B - (NRP2+PLXNA2)","SEMA3","Secreted Signaling","PMID: 27533782"
"65","Pancreatic_tissue","Pancreatic_tissue","SEMA3B","NRP2_PLXNA2",8.88904948729168e-07,0.01,"SEMA3B_NRP2_PLXNA2","SEMA3B - (NRP2+PLXNA2)","SEMA3","Secreted Signaling","PMID: 27533782"
"66","Stroma","Pancreatic_tissue","SEMA3B","NRP2_PLXNA2",2.77083994341582e-06,0,"SEMA3B_NRP2_PLXNA2","SEMA3B - (NRP2+PLXNA2)","SEMA3","Secreted Signaling","PMID: 27533782"
"67","Stroma","Cancer_region","SEMA3B","NRP2_PLXNA3",3.02209202482186e-06,0,"SEMA3B_NRP2_PLXNA3","SEMA3B - (NRP2+PLXNA3)","SEMA3","Secreted Signaling","PMID: 27533782"
"68","Stroma","Duct_epithelium","SEMA3B","NRP2_PLXNA3",2.48586151317812e-06,0.01,"SEMA3B_NRP2_PLXNA3","SEMA3B - (NRP2+PLXNA3)","SEMA3","Secreted Signaling","PMID: 27533782"
"69","Stroma","Pancreatic_tissue","SEMA3B","NRP2_PLXNA3",2.38477945249434e-06,0.01,"SEMA3B_NRP2_PLXNA3","SEMA3B - (NRP2+PLXNA3)","SEMA3","Secreted Signaling","PMID: 27533782"
"70","Cancer_region","Cancer_region","SEMA3F","NRP2_PLXNA1",2.36791943713293e-06,0,"SEMA3F_NRP2_PLXNA1","SEMA3F - (NRP2+PLXNA1)","SEMA3","Secreted Signaling","PMID: 27533782"
"71","Pancreatic_tissue","Cancer_region","SEMA3F","NRP2_PLXNA1",1.56781814692927e-06,0,"SEMA3F_NRP2_PLXNA1","SEMA3F - (NRP2+PLXNA1)","SEMA3","Secreted Signaling","PMID: 27533782"
"72","Cancer_region","Pancreatic_tissue","SEMA3F","NRP2_PLXNA1",1.6751672303746e-06,0,"SEMA3F_NRP2_PLXNA1","SEMA3F - (NRP2+PLXNA1)","SEMA3","Secreted Signaling","PMID: 27533782"
"73","Pancreatic_tissue","Pancreatic_tissue","SEMA3F","NRP2_PLXNA1",1.10913938918609e-06,0,"SEMA3F_NRP2_PLXNA1","SEMA3F - (NRP2+PLXNA1)","SEMA3","Secreted Signaling","PMID: 27533782"
"74","Pancreatic_tissue","Cancer_region","SEMA3F","NRP2_PLXNA2",9.05195528091652e-07,0.01,"SEMA3F_NRP2_PLXNA2","SEMA3F - (NRP2+PLXNA2)","SEMA3","Secreted Signaling","PMID: 27533782"
"75","Cancer_region","Duct_epithelium","SEMA3F","NRP2_PLXNA2",1.36631205330393e-06,0.02,"SEMA3F_NRP2_PLXNA2","SEMA3F - (NRP2+PLXNA2)","SEMA3","Secreted Signaling","PMID: 27533782"
"76","Pancreatic_tissue","Duct_epithelium","SEMA3F","NRP2_PLXNA2",9.04648640613808e-07,0.01,"SEMA3F_NRP2_PLXNA2","SEMA3F - (NRP2+PLXNA2)","SEMA3","Secreted Signaling","PMID: 27533782"
"77","Cancer_region","Pancreatic_tissue","SEMA3F","NRP2_PLXNA2",2.3263166003003e-06,0,"SEMA3F_NRP2_PLXNA2","SEMA3F - (NRP2+PLXNA2)","SEMA3","Secreted Signaling","PMID: 27533782"
"78","Duct_epithelium","Pancreatic_tissue","SEMA3F","NRP2_PLXNA2",1.27748993292977e-06,0.01,"SEMA3F_NRP2_PLXNA2","SEMA3F - (NRP2+PLXNA2)","SEMA3","Secreted Signaling","PMID: 27533782"
"79","Pancreatic_tissue","Pancreatic_tissue","SEMA3F","NRP2_PLXNA2",1.54026465953706e-06,0,"SEMA3F_NRP2_PLXNA2","SEMA3F - (NRP2+PLXNA2)","SEMA3","Secreted Signaling","PMID: 27533782"
"80","Cancer_region","Cancer_region","SEMA3F","NRP2_PLXNA3",2.53725928599124e-06,0,"SEMA3F_NRP2_PLXNA3","SEMA3F - (NRP2+PLXNA3)","SEMA3","Secreted Signaling","PMID: 27533782"
"81","Pancreatic_tissue","Cancer_region","SEMA3F","NRP2_PLXNA3",1.6799386029053e-06,0,"SEMA3F_NRP2_PLXNA3","SEMA3F - (NRP2+PLXNA3)","SEMA3","Secreted Signaling","PMID: 27533782"
"82","Cancer_region","Duct_epithelium","SEMA3F","NRP2_PLXNA3",2.08705565111507e-06,0,"SEMA3F_NRP2_PLXNA3","SEMA3F - (NRP2+PLXNA3)","SEMA3","Secreted Signaling","PMID: 27533782"
"83","Pancreatic_tissue","Duct_epithelium","SEMA3F","NRP2_PLXNA3",1.38185737439175e-06,0.01,"SEMA3F_NRP2_PLXNA3","SEMA3F - (NRP2+PLXNA3)","SEMA3","Secreted Signaling","PMID: 27533782"
"84","Cancer_region","Pancreatic_tissue","SEMA3F","NRP2_PLXNA3",2.00219109790104e-06,0.01,"SEMA3F_NRP2_PLXNA3","SEMA3F - (NRP2+PLXNA3)","SEMA3","Secreted Signaling","PMID: 27533782"
"85","Pancreatic_tissue","Pancreatic_tissue","SEMA3F","NRP2_PLXNA3",1.32566188113123e-06,0.01,"SEMA3F_NRP2_PLXNA3","SEMA3F - (NRP2+PLXNA3)","SEMA3","Secreted Signaling","PMID: 27533782"
"86","Cancer_region","Pancreatic_tissue","GAS6","AXL",7.23864245933732e-06,0.02,"GAS6_AXL","GAS6 - AXL","GAS","Secreted Signaling","PMID: 27801848"
"87","Stroma","Pancreatic_tissue","GAS6","AXL",1.03015148678578e-05,0,"GAS6_AXL","GAS6 - AXL","GAS","Secreted Signaling","PMID: 27801848"
"88","Stroma","Duct_epithelium","GRN","SORT1",4.91649624827087e-06,0,"GRN_SORT1","GRN - SORT1","GRN","Secreted Signaling","PMID: 29555433"
"89","Cancer_region","Pancreatic_tissue","GRN","SORT1",1.94240407467667e-06,0.02,"GRN_SORT1","GRN - SORT1","GRN","Secreted Signaling","PMID: 29555433"
"90","Pancreatic_tissue","Pancreatic_tissue","GRN","SORT1",1.15656999798579e-06,0.04,"GRN_SORT1","GRN - SORT1","GRN","Secreted Signaling","PMID: 29555433"
"91","Stroma","Pancreatic_tissue","GRN","SORT1",4.83293248140675e-06,0,"GRN_SORT1","GRN - SORT1","GRN","Secreted Signaling","PMID: 29555433"
"92","Cancer_region","Cancer_region","COL1A1","ITGA1_ITGB1",2.02796863819661e-06,0.01,"COL1A1_ITGA1_ITGB1","COL1A1 - (ITGA1+ITGB1)","COLLAGEN","ECM-Receptor","KEGG: hsa04512"
"93","Cancer_region","Duct_epithelium","COL1A1","ITGA1_ITGB1",3.55877089579042e-06,0,"COL1A1_ITGA1_ITGB1","COL1A1 - (ITGA1+ITGB1)","COLLAGEN","ECM-Receptor","KEGG: hsa04512"
"94","Duct_epithelium","Duct_epithelium","COL1A1","ITGA1_ITGB1",2.07345563161418e-06,0.01,"COL1A1_ITGA1_ITGB1","COL1A1 - (ITGA1+ITGB1)","COLLAGEN","ECM-Receptor","KEGG: hsa04512"
"95","Cancer_region","Pancreatic_tissue","COL1A1","ITGA1_ITGB1",1.5875556407208e-06,0.01,"COL1A1_ITGA1_ITGB1","COL1A1 - (ITGA1+ITGB1)","COLLAGEN","ECM-Receptor","KEGG: hsa04512"
"96","Pancreatic_tissue","Cancer_region","COL1A2","ITGA1_ITGB1",3.15397573085843e-06,0,"COL1A2_ITGA1_ITGB1","COL1A2 - (ITGA1+ITGB1)","COLLAGEN","ECM-Receptor","KEGG: hsa04512"
"97","Duct_epithelium","Duct_epithelium","COL1A2","ITGA1_ITGB1",2.87514030546468e-06,0,"COL1A2_ITGA1_ITGB1","COL1A2 - (ITGA1+ITGB1)","COLLAGEN","ECM-Receptor","KEGG: hsa04512"
"98","Pancreatic_tissue","Duct_epithelium","COL1A2","ITGA1_ITGB1",5.53453937347917e-06,0,"COL1A2_ITGA1_ITGB1","COL1A2 - (ITGA1+ITGB1)","COLLAGEN","ECM-Receptor","KEGG: hsa04512"
"99","Pancreatic_tissue","Pancreatic_tissue","COL1A2","ITGA1_ITGB1",2.46897496419847e-06,0,"COL1A2_ITGA1_ITGB1","COL1A2 - (ITGA1+ITGB1)","COLLAGEN","ECM-Receptor","KEGG: hsa04512"
"100","Pancreatic_tissue","Cancer_region","COL4A1","ITGA1_ITGB1",3.68096913067093e-06,0,"COL4A1_ITGA1_ITGB1","COL4A1 - (ITGA1+ITGB1)","COLLAGEN","ECM-Receptor","KEGG: hsa04512"
"101","Pancreatic_tissue","Duct_epithelium","COL4A1","ITGA1_ITGB1",6.45923745565486e-06,0,"COL4A1_ITGA1_ITGB1","COL4A1 - (ITGA1+ITGB1)","COLLAGEN","ECM-Receptor","KEGG: hsa04512"
"102","Pancreatic_tissue","Pancreatic_tissue","COL4A1","ITGA1_ITGB1",2.8814964088548e-06,0,"COL4A1_ITGA1_ITGB1","COL4A1 - (ITGA1+ITGB1)","COLLAGEN","ECM-Receptor","KEGG: hsa04512"
"103","Cancer_region","Duct_epithelium","COL6A1","ITGA1_ITGB1",1.96728819120878e-06,0,"COL6A1_ITGA1_ITGB1","COL6A1 - (ITGA1+ITGB1)","COLLAGEN","ECM-Receptor","KEGG: hsa04512"
"104","Stroma","Duct_epithelium","COL6A1","ITGA1_ITGB1",2.61412219408429e-06,0,"COL6A1_ITGA1_ITGB1","COL6A1 - (ITGA1+ITGB1)","COLLAGEN","ECM-Receptor","KEGG: hsa04512"
"105","Cancer_region","Duct_epithelium","COL6A2","ITGA1_ITGB1",1.1754698120658e-05,0,"COL6A2_ITGA1_ITGB1","COL6A2 - (ITGA1+ITGB1)","COLLAGEN","ECM-Receptor","KEGG: hsa04512"
"106","Stroma","Duct_epithelium","COL6A2","ITGA1_ITGB1",1.37501777962557e-05,0,"COL6A2_ITGA1_ITGB1","COL6A2 - (ITGA1+ITGB1)","COLLAGEN","ECM-Receptor","KEGG: hsa04512"
"107","Cancer_region","Duct_epithelium","COL6A3","ITGA1_ITGB1",3.85842234641839e-06,0,"COL6A3_ITGA1_ITGB1","COL6A3 - (ITGA1+ITGB1)","COLLAGEN","ECM-Receptor","KEGG: hsa04512"
"108","Stroma","Duct_epithelium","COL6A3","ITGA1_ITGB1",2.63600881905309e-06,0.03,"COL6A3_ITGA1_ITGB1","COL6A3 - (ITGA1+ITGB1)","COLLAGEN","ECM-Receptor","KEGG: hsa04512"
"109","Cancer_region","Cancer_region","COL1A1","ITGA2_ITGB1",2.6613497434281e-06,0,"COL1A1_ITGA2_ITGB1","COL1A1 - (ITGA2+ITGB1)","COLLAGEN","ECM-Receptor","KEGG: hsa04512"
"110","Cancer_region","Duct_epithelium","COL1A1","ITGA2_ITGB1",3.80447338719558e-06,0,"COL1A1_ITGA2_ITGB1","COL1A1 - (ITGA2+ITGB1)","COLLAGEN","ECM-Receptor","KEGG: hsa04512"
"111","Duct_epithelium","Duct_epithelium","COL1A1","ITGA2_ITGB1",2.21661313377854e-06,0.01,"COL1A1_ITGA2_ITGB1","COL1A1 - (ITGA2+ITGB1)","COLLAGEN","ECM-Receptor","KEGG: hsa04512"
"112","Cancer_region","Pancreatic_tissue","COL1A1","ITGA2_ITGB1",1.48502620616499e-06,0.02,"COL1A1_ITGA2_ITGB1","COL1A1 - (ITGA2+ITGB1)","COLLAGEN","ECM-Receptor","KEGG: hsa04512"
"113","Pancreatic_tissue","Cancer_region","COL1A2","ITGA2_ITGB1",4.13896762815189e-06,0,"COL1A2_ITGA2_ITGB1","COL1A2 - (ITGA2+ITGB1)","COLLAGEN","ECM-Receptor","KEGG: hsa04512"
"114","Duct_epithelium","Duct_epithelium","COL1A2","ITGA2_ITGB1",3.07364624756259e-06,0.03,"COL1A2_ITGA2_ITGB1","COL1A2 - (ITGA2+ITGB1)","COLLAGEN","ECM-Receptor","KEGG: hsa04512"
"115","Pancreatic_tissue","Duct_epithelium","COL1A2","ITGA2_ITGB1",5.91661575307816e-06,0,"COL1A2_ITGA2_ITGB1","COL1A2 - (ITGA2+ITGB1)","COLLAGEN","ECM-Receptor","KEGG: hsa04512"
"116","Pancreatic_tissue","Pancreatic_tissue","COL1A2","ITGA2_ITGB1",2.30953160056162e-06,0,"COL1A2_ITGA2_ITGB1","COL1A2 - (ITGA2+ITGB1)","COLLAGEN","ECM-Receptor","KEGG: hsa04512"
"117","Pancreatic_tissue","Cancer_region","COL4A1","ITGA2_ITGB1",4.83052166918693e-06,0,"COL4A1_ITGA2_ITGB1","COL4A1 - (ITGA2+ITGB1)","COLLAGEN","ECM-Receptor","KEGG: hsa04512"
"118","Pancreatic_tissue","Duct_epithelium","COL4A1","ITGA2_ITGB1",6.90513941273523e-06,0,"COL4A1_ITGA2_ITGB1","COL4A1 - (ITGA2+ITGB1)","COLLAGEN","ECM-Receptor","KEGG: hsa04512"
"119","Pancreatic_tissue","Pancreatic_tissue","COL4A1","ITGA2_ITGB1",2.69541623267683e-06,0,"COL4A1_ITGA2_ITGB1","COL4A1 - (ITGA2+ITGB1)","COLLAGEN","ECM-Receptor","KEGG: hsa04512"
"120","Cancer_region","Duct_epithelium","COL6A1","ITGA2_ITGB1",2.1031156506008e-06,0,"COL6A1_ITGA2_ITGB1","COL6A1 - (ITGA2+ITGB1)","COLLAGEN","ECM-Receptor","KEGG: hsa04512"
"121","Stroma","Duct_epithelium","COL6A1","ITGA2_ITGB1",2.79460828888242e-06,0,"COL6A1_ITGA2_ITGB1","COL6A1 - (ITGA2+ITGB1)","COLLAGEN","ECM-Receptor","KEGG: hsa04512"
"122","Cancer_region","Cancer_region","COL6A2","ITGA2_ITGB1",8.79071810009239e-06,0,"COL6A2_ITGA2_ITGB1","COL6A2 - (ITGA2+ITGB1)","COLLAGEN","ECM-Receptor","KEGG: hsa04512"
"123","Stroma","Cancer_region","COL6A2","ITGA2_ITGB1",1.02830329783332e-05,0.02,"COL6A2_ITGA2_ITGB1","COL6A2 - (ITGA2+ITGB1)","COLLAGEN","ECM-Receptor","KEGG: hsa04512"
"124","Cancer_region","Duct_epithelium","COL6A2","ITGA2_ITGB1",1.25661619898487e-05,0,"COL6A2_ITGA2_ITGB1","COL6A2 - (ITGA2+ITGB1)","COLLAGEN","ECM-Receptor","KEGG: hsa04512"
"125","Stroma","Duct_epithelium","COL6A2","ITGA2_ITGB1",1.46993954876437e-05,0,"COL6A2_ITGA2_ITGB1","COL6A2 - (ITGA2+ITGB1)","COLLAGEN","ECM-Receptor","KEGG: hsa04512"
"126","Cancer_region","Cancer_region","COL6A3","ITGA2_ITGB1",2.88544025162369e-06,0,"COL6A3_ITGA2_ITGB1","COL6A3 - (ITGA2+ITGB1)","COLLAGEN","ECM-Receptor","KEGG: hsa04512"
"127","Cancer_region","Duct_epithelium","COL6A3","ITGA2_ITGB1",4.12481202854236e-06,0,"COL6A3_ITGA2_ITGB1","COL6A3 - (ITGA2+ITGB1)","COLLAGEN","ECM-Receptor","KEGG: hsa04512"
"128","Pancreatic_tissue","Duct_epithelium","COL6A3","ITGA2_ITGB1",1.49908087847579e-06,0.04,"COL6A3_ITGA2_ITGB1","COL6A3 - (ITGA2+ITGB1)","COLLAGEN","ECM-Receptor","KEGG: hsa04512"
"129","Stroma","Duct_epithelium","COL6A3","ITGA2_ITGB1",2.81800597616546e-06,0.02,"COL6A3_ITGA2_ITGB1","COL6A3 - (ITGA2+ITGB1)","COLLAGEN","ECM-Receptor","KEGG: hsa04512"
"130","Cancer_region","Cancer_region","FN1","ITGA3_ITGB1",9.76197872972279e-06,0,"FN1_ITGA3_ITGB1","FN1 - (ITGA3+ITGB1)","FN1","ECM-Receptor","KEGG: hsa04512"
"131","Pancreatic_tissue","Cancer_region","FN1","ITGA3_ITGB1",6.53489477665519e-06,0,"FN1_ITGA3_ITGB1","FN1 - (ITGA3+ITGB1)","FN1","ECM-Receptor","KEGG: hsa04512"
"132","Cancer_region","Duct_epithelium","FN1","ITGA3_ITGB1",9.96885255837368e-06,0,"FN1_ITGA3_ITGB1","FN1 - (ITGA3+ITGB1)","FN1","ECM-Receptor","KEGG: hsa04512"
"133","Pancreatic_tissue","Duct_epithelium","FN1","ITGA3_ITGB1",6.67338351705525e-06,0,"FN1_ITGA3_ITGB1","FN1 - (ITGA3+ITGB1)","FN1","ECM-Receptor","KEGG: hsa04512"
"134","Cancer_region","Pancreatic_tissue","FN1","ITGA3_ITGB1",7.0912296631922e-06,0,"FN1_ITGA3_ITGB1","FN1 - (ITGA3+ITGB1)","FN1","ECM-Receptor","KEGG: hsa04512"
"135","Pancreatic_tissue","Pancreatic_tissue","FN1","ITGA3_ITGB1",4.74699004728821e-06,0,"FN1_ITGA3_ITGB1","FN1 - (ITGA3+ITGB1)","FN1","ECM-Receptor","KEGG: hsa04512"
"136","Cancer_region","Cancer_region","FN1","ITGA5_ITGB1",8.04428055268646e-06,0,"FN1_ITGA5_ITGB1","FN1 - (ITGA5+ITGB1)","FN1","ECM-Receptor","KEGG: hsa04512"
"137","Pancreatic_tissue","Cancer_region","FN1","ITGA5_ITGB1",5.38505537079244e-06,0,"FN1_ITGA5_ITGB1","FN1 - (ITGA5+ITGB1)","FN1","ECM-Receptor","KEGG: hsa04512"
"138","Cancer_region","Duct_epithelium","FN1","ITGA5_ITGB1",6.82549896557857e-06,0,"FN1_ITGA5_ITGB1","FN1 - (ITGA5+ITGB1)","FN1","ECM-Receptor","KEGG: hsa04512"
"139","Pancreatic_tissue","Duct_epithelium","FN1","ITGA5_ITGB1",4.5691902991644e-06,0,"FN1_ITGA5_ITGB1","FN1 - (ITGA5+ITGB1)","FN1","ECM-Receptor","KEGG: hsa04512"
"140","Cancer_region","Pancreatic_tissue","FN1","ITGA5_ITGB1",5.76676572198743e-06,0,"FN1_ITGA5_ITGB1","FN1 - (ITGA5+ITGB1)","FN1","ECM-Receptor","KEGG: hsa04512"
"141","Pancreatic_tissue","Pancreatic_tissue","FN1","ITGA5_ITGB1",3.86039886619618e-06,0,"FN1_ITGA5_ITGB1","FN1 - (ITGA5+ITGB1)","FN1","ECM-Receptor","KEGG: hsa04512"
"142","Duct_epithelium","Duct_epithelium","LAMA4","ITGA1_ITGB1",5.10467543914697e-06,0,"LAMA4_ITGA1_ITGB1","LAMA4 - (ITGA1+ITGB1)","LAMININ","ECM-Receptor","KEGG: hsa04512"
"143","Stroma","Duct_epithelium","LAMA4","ITGA1_ITGB1",7.47309075705995e-06,0,"LAMA4_ITGA1_ITGB1","LAMA4 - (ITGA1+ITGB1)","LAMININ","ECM-Receptor","KEGG: hsa04512"
"144","Stroma","Pancreatic_tissue","LAMA4","ITGA1_ITGB1",3.33374172468255e-06,0.04,"LAMA4_ITGA1_ITGB1","LAMA4 - (ITGA1+ITGB1)","LAMININ","ECM-Receptor","KEGG: hsa04512"
"145","Cancer_region","Cancer_region","LAMA5","ITGA1_ITGB1",3.21432961208606e-06,0,"LAMA5_ITGA1_ITGB1","LAMA5 - (ITGA1+ITGB1)","LAMININ","ECM-Receptor","KEGG: hsa04512"
"146","Cancer_region","Duct_epithelium","LAMA5","ITGA1_ITGB1",5.64058508709327e-06,0,"LAMA5_ITGA1_ITGB1","LAMA5 - (ITGA1+ITGB1)","LAMININ","ECM-Receptor","KEGG: hsa04512"
"147","Cancer_region","Pancreatic_tissue","LAMA5","ITGA1_ITGB1",2.51625763075011e-06,0,"LAMA5_ITGA1_ITGB1","LAMA5 - (ITGA1+ITGB1)","LAMININ","ECM-Receptor","KEGG: hsa04512"
"148","Cancer_region","Duct_epithelium","LAMB2","ITGA1_ITGB1",3.57708193922556e-06,0,"LAMB2_ITGA1_ITGB1","LAMB2 - (ITGA1+ITGB1)","LAMININ","ECM-Receptor","KEGG: hsa04512"
"149","Pancreatic_tissue","Duct_epithelium","LAMB2","ITGA1_ITGB1",1.1859560880233e-06,0.04,"LAMB2_ITGA1_ITGB1","LAMB2 - (ITGA1+ITGB1)","LAMININ","ECM-Receptor","KEGG: hsa04512"
"150","Stroma","Duct_epithelium","LAMB2","ITGA1_ITGB1",2.43489191046928e-06,0.03,"LAMB2_ITGA1_ITGB1","LAMB2 - (ITGA1+ITGB1)","LAMININ","ECM-Receptor","KEGG: hsa04512"
"151","Cancer_region","Cancer_region","LAMB3","ITGA1_ITGB1",1.9195078286437e-06,0.03,"LAMB3_ITGA1_ITGB1","LAMB3 - (ITGA1+ITGB1)","LAMININ","ECM-Receptor","KEGG: hsa04512"
"152","Cancer_region","Duct_epithelium","LAMB3","ITGA1_ITGB1",3.36844255293693e-06,0,"LAMB3_ITGA1_ITGB1","LAMB3 - (ITGA1+ITGB1)","LAMININ","ECM-Receptor","KEGG: hsa04512"
"153","Cancer_region","Pancreatic_tissue","LAMB3","ITGA1_ITGB1",1.50265017122857e-06,0.01,"LAMB3_ITGA1_ITGB1","LAMB3 - (ITGA1+ITGB1)","LAMININ","ECM-Receptor","KEGG: hsa04512"
"154","Duct_epithelium","Duct_epithelium","LAMC1","ITGA1_ITGB1",3.53069106782178e-06,0,"LAMC1_ITGA1_ITGB1","LAMC1 - (ITGA1+ITGB1)","LAMININ","ECM-Receptor","KEGG: hsa04512"
"155","Stroma","Duct_epithelium","LAMC1","ITGA1_ITGB1",4.88846805033429e-06,0,"LAMC1_ITGA1_ITGB1","LAMC1 - (ITGA1+ITGB1)","LAMININ","ECM-Receptor","KEGG: hsa04512"
"156","Stroma","Cancer_region","LAMC3","ITGA1_ITGB1",3.14160088937375e-06,0.03,"LAMC3_ITGA1_ITGB1","LAMC3 - (ITGA1+ITGB1)","LAMININ","ECM-Receptor","KEGG: hsa04512"
"157","Duct_epithelium","Duct_epithelium","LAMC3","ITGA1_ITGB1",4.13240813162117e-06,0,"LAMC3_ITGA1_ITGB1","LAMC3 - (ITGA1+ITGB1)","LAMININ","ECM-Receptor","KEGG: hsa04512"
"158","Pancreatic_tissue","Duct_epithelium","LAMC3","ITGA1_ITGB1",1.53918885500779e-06,0.04,"LAMC3_ITGA1_ITGB1","LAMC3 - (ITGA1+ITGB1)","LAMININ","ECM-Receptor","KEGG: hsa04512"
"159","Stroma","Duct_epithelium","LAMC3","ITGA1_ITGB1",5.5129871072465e-06,0,"LAMC3_ITGA1_ITGB1","LAMC3 - (ITGA1+ITGB1)","LAMININ","ECM-Receptor","KEGG: hsa04512"
"160","Stroma","Pancreatic_tissue","LAMC3","ITGA1_ITGB1",2.45933129816874e-06,0.04,"LAMC3_ITGA1_ITGB1","LAMC3 - (ITGA1+ITGB1)","LAMININ","ECM-Receptor","KEGG: hsa04512"
"161","Stroma","Cancer_region","LAMA4","ITGA2_ITGB1",5.58863803069666e-06,0.01,"LAMA4_ITGA2_ITGB1","LAMA4 - (ITGA2+ITGB1)","LAMININ","ECM-Receptor","KEGG: hsa04512"
"162","Duct_epithelium","Duct_epithelium","LAMA4","ITGA2_ITGB1",5.45710228590298e-06,0,"LAMA4_ITGA2_ITGB1","LAMA4 - (ITGA2+ITGB1)","LAMININ","ECM-Receptor","KEGG: hsa04512"
"163","Stroma","Duct_epithelium","LAMA4","ITGA2_ITGB1",7.98902195170183e-06,0,"LAMA4_ITGA2_ITGB1","LAMA4 - (ITGA2+ITGB1)","LAMININ","ECM-Receptor","KEGG: hsa04512"
"164","Cancer_region","Cancer_region","LAMA5","ITGA2_ITGB1",4.21821642038341e-06,0,"LAMA5_ITGA2_ITGB1","LAMA5 - (ITGA2+ITGB1)","LAMININ","ECM-Receptor","KEGG: hsa04512"
"165","Cancer_region","Duct_epithelium","LAMA5","ITGA2_ITGB1",6.03000712223457e-06,0,"LAMA5_ITGA2_ITGB1","LAMA5 - (ITGA2+ITGB1)","LAMININ","ECM-Receptor","KEGG: hsa04512"
"166","Stroma","Duct_epithelium","LAMA5","ITGA2_ITGB1",3.02253989801092e-06,0.03,"LAMA5_ITGA2_ITGB1","LAMA5 - (ITGA2+ITGB1)","LAMININ","ECM-Receptor","KEGG: hsa04512"
"167","Cancer_region","Pancreatic_tissue","LAMA5","ITGA2_ITGB1",2.35375324428469e-06,0.01,"LAMA5_ITGA2_ITGB1","LAMA5 - (ITGA2+ITGB1)","LAMININ","ECM-Receptor","KEGG: hsa04512"
"168","Cancer_region","Cancer_region","LAMB2","ITGA2_ITGB1",2.67504341141606e-06,0.01,"LAMB2_ITGA2_ITGB1","LAMB2 - (ITGA2+ITGB1)","LAMININ","ECM-Receptor","KEGG: hsa04512"
"169","Cancer_region","Duct_epithelium","LAMB2","ITGA2_ITGB1",3.82404858469583e-06,0,"LAMB2_ITGA2_ITGB1","LAMB2 - (ITGA2+ITGB1)","LAMININ","ECM-Receptor","KEGG: hsa04512"
"170","Stroma","Duct_epithelium","LAMB2","ITGA2_ITGB1",2.60300383578133e-06,0.04,"LAMB2_ITGA2_ITGB1","LAMB2 - (ITGA2+ITGB1)","LAMININ","ECM-Receptor","KEGG: hsa04512"
"171","Cancer_region","Cancer_region","LAMB3","ITGA2_ITGB1",2.51901533895367e-06,0,"LAMB3_ITGA2_ITGB1","LAMB3 - (ITGA2+ITGB1)","LAMININ","ECM-Receptor","KEGG: hsa04512"
"172","Cancer_region","Duct_epithelium","LAMB3","ITGA2_ITGB1",3.60100515528883e-06,0,"LAMB3_ITGA2_ITGB1","LAMB3 - (ITGA2+ITGB1)","LAMININ","ECM-Receptor","KEGG: hsa04512"
"173","Stroma","Cancer_region","LAMC1","ITGA2_ITGB1",3.65574206505401e-06,0.01,"LAMC1_ITGA2_ITGB1","LAMC1 - (ITGA2+ITGB1)","LAMININ","ECM-Receptor","KEGG: hsa04512"
"174","Duct_epithelium","Duct_epithelium","LAMC1","ITGA2_ITGB1",3.77445541324742e-06,0,"LAMC1_ITGA2_ITGB1","LAMC1 - (ITGA2+ITGB1)","LAMININ","ECM-Receptor","KEGG: hsa04512"
"175","Stroma","Duct_epithelium","LAMC1","ITGA2_ITGB1",5.22597158017699e-06,0,"LAMC1_ITGA2_ITGB1","LAMC1 - (ITGA2+ITGB1)","LAMININ","ECM-Receptor","KEGG: hsa04512"
"176","Stroma","Cancer_region","LAMC3","ITGA2_ITGB1",4.12278281432408e-06,0,"LAMC3_ITGA2_ITGB1","LAMC3 - (ITGA2+ITGB1)","LAMININ","ECM-Receptor","KEGG: hsa04512"
"177","Duct_epithelium","Duct_epithelium","LAMC3","ITGA2_ITGB1",4.41771353464351e-06,0,"LAMC3_ITGA2_ITGB1","LAMC3 - (ITGA2+ITGB1)","LAMININ","ECM-Receptor","KEGG: hsa04512"
"178","Pancreatic_tissue","Duct_epithelium","LAMC3","ITGA2_ITGB1",1.64545779071678e-06,0.03,"LAMC3_ITGA2_ITGB1","LAMC3 - (ITGA2+ITGB1)","LAMININ","ECM-Receptor","KEGG: hsa04512"
"179","Stroma","Duct_epithelium","LAMC3","ITGA2_ITGB1",5.89360493863877e-06,0,"LAMC3_ITGA2_ITGB1","LAMC3 - (ITGA2+ITGB1)","LAMININ","ECM-Receptor","KEGG: hsa04512"
"180","Stroma","Cancer_region","LAMA4","ITGA3_ITGB1",1.27745300784689e-05,0,"LAMA4_ITGA3_ITGB1","LAMA4 - (ITGA3+ITGB1)","LAMININ","ECM-Receptor","KEGG: hsa04512"
"181","Duct_epithelium","Duct_epithelium","LAMA4","ITGA3_ITGB1",8.91100575714108e-06,0.01,"LAMA4_ITGA3_ITGB1","LAMA4 - (ITGA3+ITGB1)","LAMININ","ECM-Receptor","KEGG: hsa04512"
"182","Stroma","Duct_epithelium","LAMA4","ITGA3_ITGB1",1.30452482026028e-05,0,"LAMA4_ITGA3_ITGB1","LAMA4 - (ITGA3+ITGB1)","LAMININ","ECM-Receptor","KEGG: hsa04512"
"183","Stroma","Pancreatic_tissue","LAMA4","ITGA3_ITGB1",9.27953770567357e-06,0,"LAMA4_ITGA3_ITGB1","LAMA4 - (ITGA3+ITGB1)","LAMININ","ECM-Receptor","KEGG: hsa04512"
"184","Cancer_region","Cancer_region","LAMA5","ITGA3_ITGB1",9.64211511972753e-06,0,"LAMA5_ITGA3_ITGB1","LAMA5 - (ITGA3+ITGB1)","LAMININ","ECM-Receptor","KEGG: hsa04512"
"185","Cancer_region","Duct_epithelium","LAMA5","ITGA3_ITGB1",9.84644860024966e-06,0,"LAMA5_ITGA3_ITGB1","LAMA5 - (ITGA3+ITGB1)","LAMININ","ECM-Receptor","KEGG: hsa04512"
"186","Cancer_region","Pancreatic_tissue","LAMA5","ITGA3_ITGB1",7.0041628831411e-06,0,"LAMA5_ITGA3_ITGB1","LAMA5 - (ITGA3+ITGB1)","LAMININ","ECM-Receptor","KEGG: hsa04512"
"187","Cancer_region","Cancer_region","LAMB2","ITGA3_ITGB1",6.11485884536123e-06,0,"LAMB2_ITGA3_ITGB1","LAMB2 - (ITGA3+ITGB1)","LAMININ","ECM-Receptor","KEGG: hsa04512"
"188","Cancer_region","Duct_epithelium","LAMB2","ITGA3_ITGB1",6.24443935567788e-06,0,"LAMB2_ITGA3_ITGB1","LAMB2 - (ITGA3+ITGB1)","LAMININ","ECM-Receptor","KEGG: hsa04512"
"189","Cancer_region","Pancreatic_tissue","LAMB2","ITGA3_ITGB1",4.44198565843976e-06,0,"LAMB2_ITGA3_ITGB1","LAMB2 - (ITGA3+ITGB1)","LAMININ","ECM-Receptor","KEGG: hsa04512"
"190","Cancer_region","Cancer_region","LAMB3","ITGA3_ITGB1",5.75821189460392e-06,0,"LAMB3_ITGA3_ITGB1","LAMB3 - (ITGA3+ITGB1)","LAMININ","ECM-Receptor","KEGG: hsa04512"
"191","Cancer_region","Duct_epithelium","LAMB3","ITGA3_ITGB1",5.88023427119473e-06,0,"LAMB3_ITGA3_ITGB1","LAMB3 - (ITGA3+ITGB1)","LAMININ","ECM-Receptor","KEGG: hsa04512"
"192","Cancer_region","Pancreatic_tissue","LAMB3","ITGA3_ITGB1",4.18291505027975e-06,0,"LAMB3_ITGA3_ITGB1","LAMB3 - (ITGA3+ITGB1)","LAMININ","ECM-Receptor","KEGG: hsa04512"
"193","Stroma","Cancer_region","LAMC1","ITGA3_ITGB1",8.35656006514437e-06,0,"LAMC1_ITGA3_ITGB1","LAMC1 - (ITGA3+ITGB1)","LAMININ","ECM-Receptor","KEGG: hsa04512"
"194","Duct_epithelium","Duct_epithelium","LAMC1","ITGA3_ITGB1",6.1634661473408e-06,0.04,"LAMC1_ITGA3_ITGB1","LAMC1 - (ITGA3+ITGB1)","LAMININ","ECM-Receptor","KEGG: hsa04512"
"195","Stroma","Duct_epithelium","LAMC1","ITGA3_ITGB1",8.53364635510659e-06,0,"LAMC1_ITGA3_ITGB1","LAMC1 - (ITGA3+ITGB1)","LAMININ","ECM-Receptor","KEGG: hsa04512"
"196","Stroma","Pancreatic_tissue","LAMC1","ITGA3_ITGB1",6.07038501819587e-06,0.01,"LAMC1_ITGA3_ITGB1","LAMC1 - (ITGA3+ITGB1)","LAMININ","ECM-Receptor","KEGG: hsa04512"
"197","Duct_epithelium","Cancer_region","LAMC3","ITGA3_ITGB1",7.06413297151759e-06,0.02,"LAMC3_ITGA3_ITGB1","LAMC3 - (ITGA3+ITGB1)","LAMININ","ECM-Receptor","KEGG: hsa04512"
"198","Stroma","Cancer_region","LAMC3","ITGA3_ITGB1",9.42408726414197e-06,0,"LAMC3_ITGA3_ITGB1","LAMC3 - (ITGA3+ITGB1)","LAMININ","ECM-Receptor","KEGG: hsa04512"
"199","Duct_epithelium","Duct_epithelium","LAMC3","ITGA3_ITGB1",7.21383060220596e-06,0,"LAMC3_ITGA3_ITGB1","LAMC3 - (ITGA3+ITGB1)","LAMININ","ECM-Receptor","KEGG: hsa04512"
"200","Stroma","Duct_epithelium","LAMC3","ITGA3_ITGB1",9.62379749942537e-06,0,"LAMC3_ITGA3_ITGB1","LAMC3 - (ITGA3+ITGB1)","LAMININ","ECM-Receptor","KEGG: hsa04512"
"201","Duct_epithelium","Pancreatic_tissue","LAMC3","ITGA3_ITGB1",5.13154586277459e-06,0.01,"LAMC3_ITGA3_ITGB1","LAMC3 - (ITGA3+ITGB1)","LAMININ","ECM-Receptor","KEGG: hsa04512"
"202","Stroma","Pancreatic_tissue","LAMC3","ITGA3_ITGB1",6.84583197325833e-06,0,"LAMC3_ITGA3_ITGB1","LAMC3 - (ITGA3+ITGB1)","LAMININ","ECM-Receptor","KEGG: hsa04512"
"203","Pancreatic_tissue","Cancer_region","THBS1","ITGA3_ITGB1",3.54243463097424e-06,0,"THBS1_ITGA3_ITGB1","THBS1 - (ITGA3+ITGB1)","THBS","ECM-Receptor","KEGG: hsa04512"
"204","Pancreatic_tissue","Duct_epithelium","THBS1","ITGA3_ITGB1",3.61750287620121e-06,0,"THBS1_ITGA3_ITGB1","THBS1 - (ITGA3+ITGB1)","THBS","ECM-Receptor","KEGG: hsa04512"
"205","Pancreatic_tissue","Pancreatic_tissue","THBS1","ITGA3_ITGB1",2.57330931555538e-06,0,"THBS1_ITGA3_ITGB1","THBS1 - (ITGA3+ITGB1)","THBS","ECM-Receptor","KEGG: hsa04512"
"206","Cancer_region","Cancer_region","THBS2","ITGA3_ITGB1",1.49772239551432e-05,0,"THBS2_ITGA3_ITGB1","THBS2 - (ITGA3+ITGB1)","THBS","ECM-Receptor","KEGG: hsa04512"
"207","Cancer_region","Duct_epithelium","THBS2","ITGA3_ITGB1",1.52946332749889e-05,0,"THBS2_ITGA3_ITGB1","THBS2 - (ITGA3+ITGB1)","THBS","ECM-Receptor","KEGG: hsa04512"
"208","Cancer_region","Pancreatic_tissue","THBS2","ITGA3_ITGB1",1.08794008180337e-05,0,"THBS2_ITGA3_ITGB1","THBS2 - (ITGA3+ITGB1)","THBS","ECM-Receptor","KEGG: hsa04512"
"209","Cancer_region","Cancer_region","COL1A1","ITGA3_ITGB1",6.08355811687292e-06,0,"COL1A1_ITGA3_ITGB1","COL1A1 - (ITGA3+ITGB1)","COLLAGEN","ECM-Receptor","KEGG: hsa04512"
"210","Cancer_region","Duct_epithelium","COL1A1","ITGA3_ITGB1",6.21247529390421e-06,0,"COL1A1_ITGA3_ITGB1","COL1A1 - (ITGA3+ITGB1)","COLLAGEN","ECM-Receptor","KEGG: hsa04512"
"211","Cancer_region","Pancreatic_tissue","COL1A1","ITGA3_ITGB1",4.4192486434386e-06,0,"COL1A1_ITGA3_ITGB1","COL1A1 - (ITGA3+ITGB1)","COLLAGEN","ECM-Receptor","KEGG: hsa04512"
"212","Pancreatic_tissue","Cancer_region","COL1A2","ITGA3_ITGB1",9.46040510299203e-06,0,"COL1A2_ITGA3_ITGB1","COL1A2 - (ITGA3+ITGB1)","COLLAGEN","ECM-Receptor","KEGG: hsa04512"
"213","Pancreatic_tissue","Duct_epithelium","COL1A2","ITGA3_ITGB1",9.66090149698043e-06,0,"COL1A2_ITGA3_ITGB1","COL1A2 - (ITGA3+ITGB1)","COLLAGEN","ECM-Receptor","KEGG: hsa04512"
"214","Pancreatic_tissue","Pancreatic_tissue","COL1A2","ITGA3_ITGB1",6.87193849877212e-06,0,"COL1A2_ITGA3_ITGB1","COL1A2 - (ITGA3+ITGB1)","COLLAGEN","ECM-Receptor","KEGG: hsa04512"
"215","Pancreatic_tissue","Cancer_region","COL4A1","ITGA3_ITGB1",1.10408342158961e-05,0,"COL4A1_ITGA3_ITGB1","COL4A1 - (ITGA3+ITGB1)","COLLAGEN","ECM-Receptor","KEGG: hsa04512"
"216","Pancreatic_tissue","Duct_epithelium","COL4A1","ITGA3_ITGB1",1.12748310853349e-05,0,"COL4A1_ITGA3_ITGB1","COL4A1 - (ITGA3+ITGB1)","COLLAGEN","ECM-Receptor","KEGG: hsa04512"
"217","Pancreatic_tissue","Pancreatic_tissue","COL4A1","ITGA3_ITGB1",8.01984386851037e-06,0,"COL4A1_ITGA3_ITGB1","COL4A1 - (ITGA3+ITGB1)","COLLAGEN","ECM-Receptor","KEGG: hsa04512"
"218","Stroma","Cancer_region","COL6A1","ITGA3_ITGB1",4.46878554633476e-06,0.03,"COL6A1_ITGA3_ITGB1","COL6A1 - (ITGA3+ITGB1)","COLLAGEN","ECM-Receptor","KEGG: hsa04512"
"219","Cancer_region","Duct_epithelium","COL6A1","ITGA3_ITGB1",3.43431121697059e-06,0.03,"COL6A1_ITGA3_ITGB1","COL6A1 - (ITGA3+ITGB1)","COLLAGEN","ECM-Receptor","KEGG: hsa04512"
"220","Stroma","Duct_epithelium","COL6A1","ITGA3_ITGB1",4.56348199993157e-06,0.01,"COL6A1_ITGA3_ITGB1","COL6A1 - (ITGA3+ITGB1)","COLLAGEN","ECM-Receptor","KEGG: hsa04512"
"221","Stroma","Pancreatic_tissue","COL6A1","ITGA3_ITGB1",3.24626992108911e-06,0.03,"COL6A1_ITGA3_ITGB1","COL6A1 - (ITGA3+ITGB1)","COLLAGEN","ECM-Receptor","KEGG: hsa04512"
"222","Cancer_region","Cancer_region","COL6A2","ITGA3_ITGB1",2.009240000848e-05,0,"COL6A2_ITGA3_ITGB1","COL6A2 - (ITGA3+ITGB1)","COLLAGEN","ECM-Receptor","KEGG: hsa04512"
"223","Stroma","Cancer_region","COL6A2","ITGA3_ITGB1",2.35032817867383e-05,0,"COL6A2_ITGA3_ITGB1","COL6A2 - (ITGA3+ITGB1)","COLLAGEN","ECM-Receptor","KEGG: hsa04512"
"224","Cancer_region","Duct_epithelium","COL6A2","ITGA3_ITGB1",2.05182340973122e-05,0,"COL6A2_ITGA3_ITGB1","COL6A2 - (ITGA3+ITGB1)","COLLAGEN","ECM-Receptor","KEGG: hsa04512"
"225","Stroma","Duct_epithelium","COL6A2","ITGA3_ITGB1",2.40014056266896e-05,0,"COL6A2_ITGA3_ITGB1","COL6A2 - (ITGA3+ITGB1)","COLLAGEN","ECM-Receptor","KEGG: hsa04512"
"226","Cancer_region","Pancreatic_tissue","COL6A2","ITGA3_ITGB1",1.45947150922002e-05,0,"COL6A2_ITGA3_ITGB1","COL6A2 - (ITGA3+ITGB1)","COLLAGEN","ECM-Receptor","KEGG: hsa04512"
"227","Stroma","Pancreatic_tissue","COL6A2","ITGA3_ITGB1",1.707230695501e-05,0,"COL6A2_ITGA3_ITGB1","COL6A2 - (ITGA3+ITGB1)","COLLAGEN","ECM-Receptor","KEGG: hsa04512"
"228","Cancer_region","Cancer_region","COL6A3","ITGA3_ITGB1",6.59577802833892e-06,0,"COL6A3_ITGA3_ITGB1","COL6A3 - (ITGA3+ITGB1)","COLLAGEN","ECM-Receptor","KEGG: hsa04512"
"229","Cancer_region","Duct_epithelium","COL6A3","ITGA3_ITGB1",6.73555035230414e-06,0,"COL6A3_ITGA3_ITGB1","COL6A3 - (ITGA3+ITGB1)","COLLAGEN","ECM-Receptor","KEGG: hsa04512"
"230","Cancer_region","Pancreatic_tissue","COL6A3","ITGA3_ITGB1",4.79132710753629e-06,0,"COL6A3_ITGA3_ITGB1","COL6A3 - (ITGA3+ITGB1)","COLLAGEN","ECM-Receptor","KEGG: hsa04512"
"231","Stroma","Cancer_region","LAMA4","ITGA6_ITGB1",4.37530469104567e-06,0,"LAMA4_ITGA6_ITGB1","LAMA4 - (ITGA6+ITGB1)","LAMININ","ECM-Receptor","KEGG: hsa04512"
"232","Stroma","Duct_epithelium","LAMA4","ITGA6_ITGB1",3.99469722803611e-06,0.01,"LAMA4_ITGA6_ITGB1","LAMA4 - (ITGA6+ITGB1)","LAMININ","ECM-Receptor","KEGG: hsa04512"
"233","Stroma","Pancreatic_tissue","LAMA4","ITGA6_ITGB1",3.535951437555e-06,0.01,"LAMA4_ITGA6_ITGB1","LAMA4 - (ITGA6+ITGB1)","LAMININ","ECM-Receptor","KEGG: hsa04512"
"234","Cancer_region","Cancer_region","LAMA5","ITGA6_ITGB1",3.30240564512792e-06,0,"LAMA5_ITGA6_ITGB1","LAMA5 - (ITGA6+ITGB1)","LAMININ","ECM-Receptor","KEGG: hsa04512"
"235","Cancer_region","Duct_epithelium","LAMA5","ITGA6_ITGB1",3.0151273535705e-06,0,"LAMA5_ITGA6_ITGB1","LAMA5 - (ITGA6+ITGB1)","LAMININ","ECM-Receptor","KEGG: hsa04512"
"236","Cancer_region","Pancreatic_tissue","LAMA5","ITGA6_ITGB1",2.66888386051469e-06,0,"LAMA5_ITGA6_ITGB1","LAMA5 - (ITGA6+ITGB1)","LAMININ","ECM-Receptor","KEGG: hsa04512"
"237","Cancer_region","Cancer_region","LAMB2","ITGA6_ITGB1",2.09425877230178e-06,0,"LAMB2_ITGA6_ITGB1","LAMB2 - (ITGA6+ITGB1)","LAMININ","ECM-Receptor","KEGG: hsa04512"
"238","Cancer_region","Duct_epithelium","LAMB2","ITGA6_ITGB1",1.91207407738085e-06,0,"LAMB2_ITGA6_ITGB1","LAMB2 - (ITGA6+ITGB1)","LAMININ","ECM-Receptor","KEGG: hsa04512"
"239","Cancer_region","Pancreatic_tissue","LAMB2","ITGA6_ITGB1",1.69251692607061e-06,0.01,"LAMB2_ITGA6_ITGB1","LAMB2 - (ITGA6+ITGB1)","LAMININ","ECM-Receptor","KEGG: hsa04512"
"240","Cancer_region","Cancer_region","LAMB3","ITGA6_ITGB1",1.97210536082198e-06,0,"LAMB3_ITGA6_ITGB1","LAMB3 - (ITGA6+ITGB1)","LAMININ","ECM-Receptor","KEGG: hsa04512"
"241","Cancer_region","Duct_epithelium","LAMB3","ITGA6_ITGB1",1.80054672440311e-06,0,"LAMB3_ITGA6_ITGB1","LAMB3 - (ITGA6+ITGB1)","LAMININ","ECM-Receptor","KEGG: hsa04512"
"242","Cancer_region","Pancreatic_tissue","LAMB3","ITGA6_ITGB1",1.59379748332579e-06,0,"LAMB3_ITGA6_ITGB1","LAMB3 - (ITGA6+ITGB1)","LAMININ","ECM-Receptor","KEGG: hsa04512"
"243","Stroma","Cancer_region","LAMC1","ITGA6_ITGB1",2.86203977031983e-06,0.01,"LAMC1_ITGA6_ITGB1","LAMC1 - (ITGA6+ITGB1)","LAMININ","ECM-Receptor","KEGG: hsa04512"
"244","Stroma","Duct_epithelium","LAMC1","ITGA6_ITGB1",2.6130654869523e-06,0.01,"LAMC1_ITGA6_ITGB1","LAMC1 - (ITGA6+ITGB1)","LAMININ","ECM-Receptor","KEGG: hsa04512"
"245","Stroma","Pancreatic_tissue","LAMC1","ITGA6_ITGB1",2.31300901599286e-06,0.02,"LAMC1_ITGA6_ITGB1","LAMC1 - (ITGA6+ITGB1)","LAMININ","ECM-Receptor","KEGG: hsa04512"
"246","Duct_epithelium","Cancer_region","LAMC3","ITGA6_ITGB1",2.41938859920028e-06,0.04,"LAMC3_ITGA6_ITGB1","LAMC3 - (ITGA6+ITGB1)","LAMININ","ECM-Receptor","KEGG: hsa04512"
"247","Stroma","Cancer_region","LAMC3","ITGA6_ITGB1",3.22768472862675e-06,0,"LAMC3_ITGA6_ITGB1","LAMC3 - (ITGA6+ITGB1)","LAMININ","ECM-Receptor","KEGG: hsa04512"
"248","Stroma","Duct_epithelium","LAMC3","ITGA6_ITGB1",2.94690383031742e-06,0.01,"LAMC3_ITGA6_ITGB1","LAMC3 - (ITGA6+ITGB1)","LAMININ","ECM-Receptor","KEGG: hsa04512"
"249","Duct_epithelium","Pancreatic_tissue","LAMC3","ITGA6_ITGB1",1.9552739710378e-06,0.02,"LAMC3_ITGA6_ITGB1","LAMC3 - (ITGA6+ITGB1)","LAMININ","ECM-Receptor","KEGG: hsa04512"
"250","Stroma","Pancreatic_tissue","LAMC3","ITGA6_ITGB1",2.6085062495627e-06,0,"LAMC3_ITGA6_ITGB1","LAMC3 - (ITGA6+ITGB1)","LAMININ","ECM-Receptor","KEGG: hsa04512"
"251","Duct_epithelium","Duct_epithelium","LAMA4","ITGA7_ITGB1",3.8588351750098e-06,0,"LAMA4_ITGA7_ITGB1","LAMA4 - (ITGA7+ITGB1)","LAMININ","ECM-Receptor","KEGG: hsa04512"
"252","Stroma","Duct_epithelium","LAMA4","ITGA7_ITGB1",5.64924589047886e-06,0,"LAMA4_ITGA7_ITGB1","LAMA4 - (ITGA7+ITGB1)","LAMININ","ECM-Receptor","KEGG: hsa04512"
"253","Duct_epithelium","Pancreatic_tissue","LAMA4","ITGA7_ITGB1",2.54595383806158e-06,0.01,"LAMA4_ITGA7_ITGB1","LAMA4 - (ITGA7+ITGB1)","LAMININ","ECM-Receptor","KEGG: hsa04512"
"254","Stroma","Pancreatic_tissue","LAMA4","ITGA7_ITGB1",3.72720449391594e-06,0,"LAMA4_ITGA7_ITGB1","LAMA4 - (ITGA7+ITGB1)","LAMININ","ECM-Receptor","KEGG: hsa04512"
"255","Cancer_region","Duct_epithelium","LAMA5","ITGA7_ITGB1",4.26396147801722e-06,0,"LAMA5_ITGA7_ITGB1","LAMA5 - (ITGA7+ITGB1)","LAMININ","ECM-Receptor","KEGG: hsa04512"
"256","Stroma","Duct_epithelium","LAMA5","ITGA7_ITGB1",2.13728054325876e-06,0.01,"LAMA5_ITGA7_ITGB1","LAMA5 - (ITGA7+ITGB1)","LAMININ","ECM-Receptor","KEGG: hsa04512"
"257","Cancer_region","Pancreatic_tissue","LAMA5","ITGA7_ITGB1",2.81324024427079e-06,0,"LAMA5_ITGA7_ITGB1","LAMA5 - (ITGA7+ITGB1)","LAMININ","ECM-Receptor","KEGG: hsa04512"
"258","Cancer_region","Duct_epithelium","LAMB2","ITGA7_ITGB1",2.70405192865211e-06,0,"LAMB2_ITGA7_ITGB1","LAMB2 - (ITGA7+ITGB1)","LAMININ","ECM-Receptor","KEGG: hsa04512"
"259","Pancreatic_tissue","Duct_epithelium","LAMB2","ITGA7_ITGB1",8.965049300841e-07,0.04,"LAMB2_ITGA7_ITGB1","LAMB2 - (ITGA7+ITGB1)","LAMININ","ECM-Receptor","KEGG: hsa04512"
"260","Stroma","Duct_epithelium","LAMB2","ITGA7_ITGB1",1.84061804327515e-06,0.02,"LAMB2_ITGA7_ITGB1","LAMB2 - (ITGA7+ITGB1)","LAMININ","ECM-Receptor","KEGG: hsa04512"
"261","Cancer_region","Pancreatic_tissue","LAMB2","ITGA7_ITGB1",1.78406532221707e-06,0,"LAMB2_ITGA7_ITGB1","LAMB2 - (ITGA7+ITGB1)","LAMININ","ECM-Receptor","KEGG: hsa04512"
"262","Cancer_region","Duct_epithelium","LAMB3","ITGA7_ITGB1",2.54633173639339e-06,0,"LAMB3_ITGA7_ITGB1","LAMB3 - (ITGA7+ITGB1)","LAMININ","ECM-Receptor","KEGG: hsa04512"
"263","Duct_epithelium","Duct_epithelium","LAMB3","ITGA7_ITGB1",1.26895931428814e-06,0.04,"LAMB3_ITGA7_ITGB1","LAMB3 - (ITGA7+ITGB1)","LAMININ","ECM-Receptor","KEGG: hsa04512"
"264","Pancreatic_tissue","Duct_epithelium","LAMB3","ITGA7_ITGB1",6.59364894961879e-07,0.04,"LAMB3_ITGA7_ITGB1","LAMB3 - (ITGA7+ITGB1)","LAMININ","ECM-Receptor","KEGG: hsa04512"
"265","Cancer_region","Pancreatic_tissue","LAMB3","ITGA7_ITGB1",1.68000636455668e-06,0,"LAMB3_ITGA7_ITGB1","LAMB3 - (ITGA7+ITGB1)","LAMININ","ECM-Receptor","KEGG: hsa04512"
"266","Duct_epithelium","Duct_epithelium","LAMC1","ITGA7_ITGB1",2.66898183595797e-06,0,"LAMC1_ITGA7_ITGB1","LAMC1 - (ITGA7+ITGB1)","LAMININ","ECM-Receptor","KEGG: hsa04512"
"267","Stroma","Duct_epithelium","LAMC1","ITGA7_ITGB1",3.69538596484096e-06,0,"LAMC1_ITGA7_ITGB1","LAMC1 - (ITGA7+ITGB1)","LAMININ","ECM-Receptor","KEGG: hsa04512"
"268","Duct_epithelium","Pancreatic_tissue","LAMC1","ITGA7_ITGB1",1.76092766860771e-06,0.01,"LAMC1_ITGA7_ITGB1","LAMC1 - (ITGA7+ITGB1)","LAMININ","ECM-Receptor","KEGG: hsa04512"
"269","Stroma","Pancreatic_tissue","LAMC1","ITGA7_ITGB1",2.4381189106144e-06,0,"LAMC1_ITGA7_ITGB1","LAMC1 - (ITGA7+ITGB1)","LAMININ","ECM-Receptor","KEGG: hsa04512"
"270","Duct_epithelium","Duct_epithelium","LAMC3","ITGA7_ITGB1",3.12384837425796e-06,0,"LAMC3_ITGA7_ITGB1","LAMC3 - (ITGA7+ITGB1)","LAMININ","ECM-Receptor","KEGG: hsa04512"
"271","Pancreatic_tissue","Duct_epithelium","LAMC3","ITGA7_ITGB1",1.16352817974178e-06,0.03,"LAMC3_ITGA7_ITGB1","LAMC3 - (ITGA7+ITGB1)","LAMININ","ECM-Receptor","KEGG: hsa04512"
"272","Stroma","Duct_epithelium","LAMC3","ITGA7_ITGB1",4.1674919867498e-06,0,"LAMC3_ITGA7_ITGB1","LAMC3 - (ITGA7+ITGB1)","LAMININ","ECM-Receptor","KEGG: hsa04512"
"273","Duct_epithelium","Pancreatic_tissue","LAMC3","ITGA7_ITGB1",2.06103436121046e-06,0.01,"LAMC3_ITGA7_ITGB1","LAMC3 - (ITGA7+ITGB1)","LAMININ","ECM-Receptor","KEGG: hsa04512"
"274","Stroma","Pancreatic_tissue","LAMC3","ITGA7_ITGB1",2.74959853121729e-06,0,"LAMC3_ITGA7_ITGB1","LAMC3 - (ITGA7+ITGB1)","LAMININ","ECM-Receptor","KEGG: hsa04512"
"275","Cancer_region","Cancer_region","COL1A1","ITGA11_ITGB1",4.70754461995814e-06,0,"COL1A1_ITGA11_ITGB1","COL1A1 - (ITGA11+ITGB1)","COLLAGEN","ECM-Receptor","KEGG: hsa04512"
"276","Duct_epithelium","Cancer_region","COL1A1","ITGA11_ITGB1",2.7427900070351e-06,0,"COL1A1_ITGA11_ITGB1","COL1A1 - (ITGA11+ITGB1)","COLLAGEN","ECM-Receptor","KEGG: hsa04512"
"277","Duct_epithelium","Cancer_region","COL1A2","ITGA11_ITGB1",3.80325253570257e-06,0.02,"COL1A2_ITGA11_ITGB1","COL1A2 - (ITGA11+ITGB1)","COLLAGEN","ECM-Receptor","KEGG: hsa04512"
"278","Pancreatic_tissue","Cancer_region","COL1A2","ITGA11_ITGB1",7.32085489091642e-06,0,"COL1A2_ITGA11_ITGB1","COL1A2 - (ITGA11+ITGB1)","COLLAGEN","ECM-Receptor","KEGG: hsa04512"
"279","Pancreatic_tissue","Duct_epithelium","COL1A2","ITGA11_ITGB1",2.95852354338195e-06,0,"COL1A2_ITGA11_ITGB1","COL1A2 - (ITGA11+ITGB1)","COLLAGEN","ECM-Receptor","KEGG: hsa04512"
"280","Pancreatic_tissue","Pancreatic_tissue","COL1A2","ITGA11_ITGB1",2.30953160056162e-06,0,"COL1A2_ITGA11_ITGB1","COL1A2 - (ITGA11+ITGB1)","COLLAGEN","ECM-Receptor","KEGG: hsa04512"
"281","Pancreatic_tissue","Cancer_region","COL4A1","ITGA11_ITGB1",8.54393457240654e-06,0,"COL4A1_ITGA11_ITGB1","COL4A1 - (ITGA11+ITGB1)","COLLAGEN","ECM-Receptor","KEGG: hsa04512"
"282","Pancreatic_tissue","Duct_epithelium","COL4A1","ITGA11_ITGB1",3.45286346243272e-06,0,"COL4A1_ITGA11_ITGB1","COL4A1 - (ITGA11+ITGB1)","COLLAGEN","ECM-Receptor","KEGG: hsa04512"
"283","Pancreatic_tissue","Pancreatic_tissue","COL4A1","ITGA11_ITGB1",2.69541623267683e-06,0,"COL4A1_ITGA11_ITGB1","COL4A1 - (ITGA11+ITGB1)","COLLAGEN","ECM-Receptor","KEGG: hsa04512"
"284","Cancer_region","Cancer_region","COL6A1","ITGA11_ITGB1",2.6023510139375e-06,0,"COL6A1_ITGA11_ITGB1","COL6A1 - (ITGA11+ITGB1)","COLLAGEN","ECM-Receptor","KEGG: hsa04512"
"285","Stroma","Cancer_region","COL6A1","ITGA11_ITGB1",3.45798557698392e-06,0,"COL6A1_ITGA11_ITGB1","COL6A1 - (ITGA11+ITGB1)","COLLAGEN","ECM-Receptor","KEGG: hsa04512"
"286","Cancer_region","Cancer_region","COL6A2","ITGA11_ITGB1",1.55484821147961e-05,0,"COL6A2_ITGA11_ITGB1","COL6A2 - (ITGA11+ITGB1)","COLLAGEN","ECM-Receptor","KEGG: hsa04512"
"287","Stroma","Cancer_region","COL6A2","ITGA11_ITGB1",1.81879923960515e-05,0,"COL6A2_ITGA11_ITGB1","COL6A2 - (ITGA11+ITGB1)","COLLAGEN","ECM-Receptor","KEGG: hsa04512"
"288","Cancer_region","Cancer_region","COL6A3","ITGA11_ITGB1",5.10391607768335e-06,0,"COL6A3_ITGA11_ITGB1","COL6A3 - (ITGA11+ITGB1)","COLLAGEN","ECM-Receptor","KEGG: hsa04512"
"289","Pancreatic_tissue","Cancer_region","COL6A3","ITGA11_ITGB1",1.85492678478914e-06,0.04,"COL6A3_ITGA11_ITGB1","COL6A3 - (ITGA11+ITGB1)","COLLAGEN","ECM-Receptor","KEGG: hsa04512"
"290","Cancer_region","Duct_epithelium","FN1","ITGAV_ITGB1",5.84508615509976e-06,0,"FN1_ITGAV_ITGB1","FN1 - (ITGAV+ITGB1)","FN1","ECM-Receptor","KEGG: hsa04512"
"291","Pancreatic_tissue","Duct_epithelium","FN1","ITGAV_ITGB1",3.91288409232406e-06,0,"FN1_ITGAV_ITGB1","FN1 - (ITGAV+ITGB1)","FN1","ECM-Receptor","KEGG: hsa04512"
"292","Cancer_region","Pancreatic_tissue","FN1","ITGAV_ITGB1",5.40375502037274e-06,0,"FN1_ITGAV_ITGB1","FN1 - (ITGAV+ITGB1)","FN1","ECM-Receptor","KEGG: hsa04512"
"293","Pancreatic_tissue","Pancreatic_tissue","FN1","ITGAV_ITGB1",3.61739865713668e-06,0,"FN1_ITGAV_ITGB1","FN1 - (ITGAV+ITGB1)","FN1","ECM-Receptor","KEGG: hsa04512"
"294","Pancreatic_tissue","Cancer_region","FN1","ITGAV_ITGB6",2.12604052060641e-06,0.02,"FN1_ITGAV_ITGB6","FN1 - (ITGAV+ITGB6)","FN1","ECM-Receptor","KEGG: hsa04512"
"295","Cancer_region","Duct_epithelium","FN1","ITGAV_ITGB6",4.60851798362567e-06,0,"FN1_ITGAV_ITGB6","FN1 - (ITGAV+ITGB6)","FN1","ECM-Receptor","KEGG: hsa04512"
"296","Pancreatic_tissue","Duct_epithelium","FN1","ITGAV_ITGB6",3.08509753522012e-06,0,"FN1_ITGAV_ITGB6","FN1 - (ITGAV+ITGB6)","FN1","ECM-Receptor","KEGG: hsa04512"
"297","Cancer_region","Pancreatic_tissue","FN1","ITGAV_ITGB6",4.18586068195249e-06,0,"FN1_ITGAV_ITGB6","FN1 - (ITGAV+ITGB6)","FN1","ECM-Receptor","KEGG: hsa04512"
"298","Pancreatic_tissue","Pancreatic_tissue","FN1","ITGAV_ITGB6",2.80213040232632e-06,0,"FN1_ITGAV_ITGB6","FN1 - (ITGAV+ITGB6)","FN1","ECM-Receptor","KEGG: hsa04512"
"299","Duct_epithelium","Cancer_region","LAMA4","ITGA6_ITGB4",1.58920528025016e-05,0,"LAMA4_ITGA6_ITGB4","LAMA4 - (ITGA6+ITGB4)","LAMININ","ECM-Receptor","KEGG: hsa04512"
"300","Pancreatic_tissue","Cancer_region","LAMA4","ITGA6_ITGB4",5.43257010976222e-06,0.01,"LAMA4_ITGA6_ITGB4","LAMA4 - (ITGA6+ITGB4)","LAMININ","ECM-Receptor","KEGG: hsa04512"
"301","Stroma","Cancer_region","LAMA4","ITGA6_ITGB4",2.32644477868268e-05,0,"LAMA4_ITGA6_ITGB4","LAMA4 - (ITGA6+ITGB4)","LAMININ","ECM-Receptor","KEGG: hsa04512"
"302","Cancer_region","Cancer_region","LAMA5","ITGA6_ITGB4",1.75600885268813e-05,0,"LAMA5_ITGA6_ITGB4","LAMA5 - (ITGA6+ITGB4)","LAMININ","ECM-Receptor","KEGG: hsa04512"
"303","Stroma","Cancer_region","LAMA5","ITGA6_ITGB4",8.80282147432067e-06,0,"LAMA5_ITGA6_ITGB4","LAMA5 - (ITGA6+ITGB4)","LAMININ","ECM-Receptor","KEGG: hsa04512"
"304","Cancer_region","Pancreatic_tissue","LAMA5","ITGA6_ITGB4",4.77398822908622e-06,0,"LAMA5_ITGA6_ITGB4","LAMA5 - (ITGA6+ITGB4)","LAMININ","ECM-Receptor","KEGG: hsa04512"
"305","Cancer_region","Cancer_region","LAMB2","ITGA6_ITGB4",1.11367522672264e-05,0,"LAMB2_ITGA6_ITGB4","LAMB2 - (ITGA6+ITGB4)","LAMININ","ECM-Receptor","KEGG: hsa04512"
"306","Duct_epithelium","Cancer_region","LAMB2","ITGA6_ITGB4",5.73638873179497e-06,0,"LAMB2_ITGA6_ITGB4","LAMB2 - (ITGA6+ITGB4)","LAMININ","ECM-Receptor","KEGG: hsa04512"
"307","Pancreatic_tissue","Cancer_region","LAMB2","ITGA6_ITGB4",3.69247098601347e-06,0,"LAMB2_ITGA6_ITGB4","LAMB2 - (ITGA6+ITGB4)","LAMININ","ECM-Receptor","KEGG: hsa04512"
"308","Stroma","Cancer_region","LAMB2","ITGA6_ITGB4",7.58104273122655e-06,0,"LAMB2_ITGA6_ITGB4","LAMB2 - (ITGA6+ITGB4)","LAMININ","ECM-Receptor","KEGG: hsa04512"
"309","Cancer_region","Cancer_region","LAMB3","ITGA6_ITGB4",1.04872484831959e-05,0,"LAMB3_ITGA6_ITGB4","LAMB3 - (ITGA6+ITGB4)","LAMININ","ECM-Receptor","KEGG: hsa04512"
"310","Duct_epithelium","Cancer_region","LAMB3","ITGA6_ITGB4",5.22660591556942e-06,0,"LAMB3_ITGA6_ITGB4","LAMB3 - (ITGA6+ITGB4)","LAMININ","ECM-Receptor","KEGG: hsa04512"
"311","Pancreatic_tissue","Cancer_region","LAMB3","ITGA6_ITGB4",2.71580455428176e-06,0.01,"LAMB3_ITGA6_ITGB4","LAMB3 - (ITGA6+ITGB4)","LAMININ","ECM-Receptor","KEGG: hsa04512"
"312","Cancer_region","Pancreatic_tissue","LAMB3","ITGA6_ITGB4",2.8509801867842e-06,0.01,"LAMB3_ITGA6_ITGB4","LAMB3 - (ITGA6+ITGB4)","LAMININ","ECM-Receptor","KEGG: hsa04512"
"313","Duct_epithelium","Cancer_region","LAMC1","ITGA6_ITGB4",1.09923759304868e-05,0,"LAMC1_ITGA6_ITGB4","LAMC1 - (ITGA6+ITGB4)","LAMININ","ECM-Receptor","KEGG: hsa04512"
"314","Pancreatic_tissue","Cancer_region","LAMC1","ITGA6_ITGB4",3.95870970453505e-06,0.01,"LAMC1_ITGA6_ITGB4","LAMC1 - (ITGA6+ITGB4)","LAMININ","ECM-Receptor","KEGG: hsa04512"
"315","Stroma","Cancer_region","LAMC1","ITGA6_ITGB4",1.5219290026116e-05,0,"LAMC1_ITGA6_ITGB4","LAMC1 - (ITGA6+ITGB4)","LAMININ","ECM-Receptor","KEGG: hsa04512"
"316","Duct_epithelium","Cancer_region","LAMC3","ITGA6_ITGB4",1.28655222300955e-05,0,"LAMC3_ITGA6_ITGB4","LAMC3 - (ITGA6+ITGB4)","LAMININ","ECM-Receptor","KEGG: hsa04512"
"317","Pancreatic_tissue","Cancer_region","LAMC3","ITGA6_ITGB4",4.79216750779797e-06,0.01,"LAMC3_ITGA6_ITGB4","LAMC3 - (ITGA6+ITGB4)","LAMININ","ECM-Receptor","KEGG: hsa04512"
"318","Stroma","Cancer_region","LAMC3","ITGA6_ITGB4",1.71633299893294e-05,0,"LAMC3_ITGA6_ITGB4","LAMC3 - (ITGA6+ITGB4)","LAMININ","ECM-Receptor","KEGG: hsa04512"
"319","Stroma","Pancreatic_tissue","LAMC3","ITGA6_ITGB4",4.66602792583718e-06,0.03,"LAMC3_ITGA6_ITGB4","LAMC3 - (ITGA6+ITGB4)","LAMININ","ECM-Receptor","KEGG: hsa04512"
"320","Cancer_region","Cancer_region","COL1A1","SDC1",4.07300233237138e-05,0,"COL1A1_SDC1","COL1A1 - SDC1","COLLAGEN","ECM-Receptor","KEGG: hsa04512"
"321","Duct_epithelium","Cancer_region","COL1A1","SDC1",2.37360899318631e-05,0,"COL1A1_SDC1","COL1A1 - SDC1","COLLAGEN","ECM-Receptor","KEGG: hsa04512"
"322","Cancer_region","Duct_epithelium","COL1A1","SDC1",2.16985715247334e-05,0,"COL1A1_SDC1","COL1A1 - SDC1","COLLAGEN","ECM-Receptor","KEGG: hsa04512"
"323","Cancer_region","Pancreatic_tissue","COL1A1","SDC1",1.05402051848977e-05,0.03,"COL1A1_SDC1","COL1A1 - SDC1","COLLAGEN","ECM-Receptor","KEGG: hsa04512"
"324","Duct_epithelium","Cancer_region","COL1A2","SDC1",3.29096892597481e-05,0,"COL1A2_SDC1","COL1A2 - SDC1","COLLAGEN","ECM-Receptor","KEGG: hsa04512"
"325","Pancreatic_tissue","Cancer_region","COL1A2","SDC1",6.32822842407855e-05,0,"COL1A2_SDC1","COL1A2 - SDC1","COLLAGEN","ECM-Receptor","KEGG: hsa04512"
"326","Pancreatic_tissue","Duct_epithelium","COL1A2","SDC1",3.37301295341909e-05,0,"COL1A2_SDC1","COL1A2 - SDC1","COLLAGEN","ECM-Receptor","KEGG: hsa04512"
"327","Pancreatic_tissue","Pancreatic_tissue","COL1A2","SDC1",1.63853949745892e-05,0,"COL1A2_SDC1","COL1A2 - SDC1","COLLAGEN","ECM-Receptor","KEGG: hsa04512"
"328","Duct_epithelium","Cancer_region","COL4A1","SDC1",2.8908467270225e-05,0.02,"COL4A1_SDC1","COL4A1 - SDC1","COLLAGEN","ECM-Receptor","KEGG: hsa04512"
"329","Pancreatic_tissue","Cancer_region","COL4A1","SDC1",7.38371102708167e-05,0,"COL4A1_SDC1","COL4A1 - SDC1","COLLAGEN","ECM-Receptor","KEGG: hsa04512"
"330","Pancreatic_tissue","Duct_epithelium","COL4A1","SDC1",3.93611120961503e-05,0,"COL4A1_SDC1","COL4A1 - SDC1","COLLAGEN","ECM-Receptor","KEGG: hsa04512"
"331","Pancreatic_tissue","Pancreatic_tissue","COL4A1","SDC1",1.91210484387292e-05,0,"COL4A1_SDC1","COL4A1 - SDC1","COLLAGEN","ECM-Receptor","KEGG: hsa04512"
"332","Cancer_region","Cancer_region","COL6A1","SDC1",2.2520846967627e-05,0,"COL6A1_SDC1","COL6A1 - SDC1","COLLAGEN","ECM-Receptor","KEGG: hsa04512"
"333","Pancreatic_tissue","Cancer_region","COL6A1","SDC1",9.93421674728275e-06,0.01,"COL6A1_SDC1","COL6A1 - SDC1","COLLAGEN","ECM-Receptor","KEGG: hsa04512"
"334","Stroma","Cancer_region","COL6A1","SDC1",2.99243742133763e-05,0,"COL6A1_SDC1","COL6A1 - SDC1","COLLAGEN","ECM-Receptor","KEGG: hsa04512"
"335","Stroma","Duct_epithelium","COL6A1","SDC1",1.59403090070226e-05,0.04,"COL6A1_SDC1","COL6A1 - SDC1","COLLAGEN","ECM-Receptor","KEGG: hsa04512"
"336","Cancer_region","Cancer_region","COL6A2","SDC1",0.000134369486358875,0,"COL6A2_SDC1","COL6A2 - SDC1","COLLAGEN","ECM-Receptor","KEGG: hsa04512"
"337","Stroma","Cancer_region","COL6A2","SDC1",0.000157179351857406,0,"COL6A2_SDC1","COL6A2 - SDC1","COLLAGEN","ECM-Receptor","KEGG: hsa04512"
"338","Cancer_region","Duct_epithelium","COL6A2","SDC1",7.16301045232028e-05,0.01,"COL6A2_SDC1","COL6A2 - SDC1","COLLAGEN","ECM-Receptor","KEGG: hsa04512"
"339","Stroma","Duct_epithelium","COL6A2","SDC1",8.37898628196889e-05,0.01,"COL6A2_SDC1","COL6A2 - SDC1","COLLAGEN","ECM-Receptor","KEGG: hsa04512"
"340","Cancer_region","Cancer_region","COL6A3","SDC1",4.41575704535362e-05,0,"COL6A3_SDC1","COL6A3 - SDC1","COLLAGEN","ECM-Receptor","KEGG: hsa04512"
"341","Duct_epithelium","Cancer_region","COL6A3","SDC1",2.54326395475468e-05,0,"COL6A3_SDC1","COL6A3 - SDC1","COLLAGEN","ECM-Receptor","KEGG: hsa04512"
"342","Pancreatic_tissue","Cancer_region","COL6A3","SDC1",1.60513025107755e-05,0,"COL6A3_SDC1","COL6A3 - SDC1","COLLAGEN","ECM-Receptor","KEGG: hsa04512"
"343","Stroma","Cancer_region","COL6A3","SDC1",3.01748311093687e-05,0,"COL6A3_SDC1","COL6A3 - SDC1","COLLAGEN","ECM-Receptor","KEGG: hsa04512"
"344","Cancer_region","Duct_epithelium","COL6A3","SDC1",2.35251198495754e-05,0.02,"COL6A3_SDC1","COL6A3 - SDC1","COLLAGEN","ECM-Receptor","KEGG: hsa04512"
"345","Cancer_region","Cancer_region","FN1","SDC1",6.53381181821123e-05,0,"FN1_SDC1","FN1 - SDC1","FN1","ECM-Receptor","KEGG: hsa04512"
"346","Pancreatic_tissue","Cancer_region","FN1","SDC1",4.37316094160662e-05,0,"FN1_SDC1","FN1 - SDC1","FN1","ECM-Receptor","KEGG: hsa04512"
"347","Cancer_region","Duct_epithelium","FN1","SDC1",3.48141874781662e-05,0,"FN1_SDC1","FN1 - SDC1","FN1","ECM-Receptor","KEGG: hsa04512"
"348","Pancreatic_tissue","Duct_epithelium","FN1","SDC1",2.33037664406077e-05,0,"FN1_SDC1","FN1 - SDC1","FN1","ECM-Receptor","KEGG: hsa04512"
"349","Cancer_region","Pancreatic_tissue","FN1","SDC1",1.69114630652571e-05,0.04,"FN1_SDC1","FN1 - SDC1","FN1","ECM-Receptor","KEGG: hsa04512"
"350","Pancreatic_tissue","Pancreatic_tissue","FN1","SDC1",1.13202224202189e-05,0.01,"FN1_SDC1","FN1 - SDC1","FN1","ECM-Receptor","KEGG: hsa04512"
"351","Cancer_region","Cancer_region","THBS1","SDC1",2.43285526176987e-05,0,"THBS1_SDC1","THBS1 - SDC1","THBS","ECM-Receptor","KEGG: hsa04512"
"352","Duct_epithelium","Cancer_region","THBS1","SDC1",1.52725783315012e-05,0.03,"THBS1_SDC1","THBS1 - SDC1","THBS","ECM-Receptor","KEGG: hsa04512"
"353","Pancreatic_tissue","Cancer_region","THBS1","SDC1",2.37163284714086e-05,0,"THBS1_SDC1","THBS1 - SDC1","THBS","ECM-Receptor","KEGG: hsa04512"
"354","Pancreatic_tissue","Duct_epithelium","THBS1","SDC1",1.26348601086408e-05,0,"THBS1_SDC1","THBS1 - SDC1","THBS","ECM-Receptor","KEGG: hsa04512"
"355","Pancreatic_tissue","Pancreatic_tissue","THBS1","SDC1",6.13746431932722e-06,0.03,"THBS1_SDC1","THBS1 - SDC1","THBS","ECM-Receptor","KEGG: hsa04512"
"356","Cancer_region","Cancer_region","THBS2","SDC1",0.000100202451416448,0,"THBS2_SDC1","THBS2 - SDC1","THBS","ECM-Receptor","KEGG: hsa04512"
"357","Pancreatic_tissue","Cancer_region","THBS2","SDC1",2.48192163698887e-05,0,"THBS2_SDC1","THBS2 - SDC1","THBS","ECM-Receptor","KEGG: hsa04512"
"358","Cancer_region","Duct_epithelium","THBS2","SDC1",5.34037379208789e-05,0,"THBS2_SDC1","THBS2 - SDC1","THBS","ECM-Receptor","KEGG: hsa04512"
"359","Cancer_region","Pancreatic_tissue","THBS2","SDC1",2.59421813113042e-05,0,"THBS2_SDC1","THBS2 - SDC1","THBS","ECM-Receptor","KEGG: hsa04512"
"360","Cancer_region","Stroma","ADGRE5","CD55",1.2656138510481e-05,0,"ADGRE5_CD55","ADGRE5 - CD55","ADGRE5","Cell-Cell Contact","PMID: 11297558"
"361","Duct_epithelium","Stroma","ADGRE5","CD55",1.12114017454953e-05,0,"ADGRE5_CD55","ADGRE5 - CD55","ADGRE5","Cell-Cell Contact","PMID: 11297558"
"362","Pancreatic_tissue","Stroma","ADGRE5","CD55",1.18676498159481e-05,0,"ADGRE5_CD55","ADGRE5 - CD55","ADGRE5","Cell-Cell Contact","PMID: 11297558"
"363","Pancreatic_tissue","Duct_epithelium","APP","CD74",5.36265562186905e-05,0,"APP_CD74","APP - CD74","APP","Cell-Cell Contact","PMID: 19849849"
"364","Cancer_region","Pancreatic_tissue","APP","CD74",4.62966532978821e-05,0,"APP_CD74","APP - CD74","APP","Cell-Cell Contact","PMID: 19849849"
"365","Duct_epithelium","Pancreatic_tissue","APP","CD74",8.73554601731016e-05,0,"APP_CD74","APP - CD74","APP","Cell-Cell Contact","PMID: 19849849"
"366","Pancreatic_tissue","Pancreatic_tissue","APP","CD74",7.33769843086775e-05,0,"APP_CD74","APP - CD74","APP","Cell-Cell Contact","PMID: 19849849"
"367","Stroma","Pancreatic_tissue","APP","CD74",5.11517395008746e-05,0,"APP_CD74","APP - CD74","APP","Cell-Cell Contact","PMID: 19849849"
"368","Pancreatic_tissue","Cancer_region","CD46","JAG1",2.56563050197133e-06,0,"CD46_JAG1","CD46 - JAG1","CD46","Cell-Cell Contact","PMID: 23086448"
"369","Pancreatic_tissue","Duct_epithelium","CD46","JAG1",1.25883182476651e-06,0,"CD46_JAG1","CD46 - JAG1","CD46","Cell-Cell Contact","PMID: 23086448"
"370","Pancreatic_tissue","Pancreatic_tissue","CD46","JAG1",7.78903267677251e-07,0,"CD46_JAG1","CD46 - JAG1","CD46","Cell-Cell Contact","PMID: 23086448"
"371","Stroma","Cancer_region","CD99","CD99",7.5638382341755e-06,0,"CD99_CD99","CD99 - CD99","CD99","Cell-Cell Contact","KEGG: hsa04514"
"372","Cancer_region","Stroma","CD99","CD99",7.5638382341755e-06,0,"CD99_CD99","CD99 - CD99","CD99","Cell-Cell Contact","KEGG: hsa04514"
"373","Stroma","Stroma","CD99","CD99",1.13797345213951e-05,0,"CD99_CD99","CD99 - CD99","CD99","Cell-Cell Contact","KEGG: hsa04514"
"374","Cancer_region","Cancer_region","CDH1","CDH1",4.65106496565431e-05,0,"CDH1_CDH1","CDH1 - CDH1","CDH","Cell-Cell Contact","KEGG: hsa04514"
"375","Stroma","Cancer_region","CDH1","CDH1",1.98437016897961e-05,0,"CDH1_CDH1","CDH1 - CDH1","CDH","Cell-Cell Contact","KEGG: hsa04514"
"376","Cancer_region","Stroma","CDH1","CDH1",1.98437016897961e-05,0,"CDH1_CDH1","CDH1 - CDH1","CDH","Cell-Cell Contact","KEGG: hsa04514"
"377","Cancer_region","Cancer_region","CDH1","ITGA2_ITGB1",5.8287039332557e-06,0,"CDH1_ITGA1_ITGB1","CDH1 - (ITGA1+ITGB1)","CDH1","Cell-Cell Contact","PMID: 12392763"
"378","Cancer_region","Duct_epithelium","CDH1","ITGA2_ITGB1",8.33215242730323e-06,0,"CDH1_ITGA1_ITGB1","CDH1 - (ITGA1+ITGB1)","CDH1","Cell-Cell Contact","PMID: 12392763"
"379","Cancer_region","Pancreatic_tissue","CDH1","ITGA2_ITGB1",3.25240016196579e-06,0,"CDH1_ITGA1_ITGB1","CDH1 - (ITGA1+ITGB1)","CDH1","Cell-Cell Contact","PMID: 12392763"
"380","Pancreatic_tissue","Cancer_region","EFNA1","EPHA2",7.83349641576797e-06,0,"EFNA1_EPHA2","EFNA1 - EPHA2","EPHA","Cell-Cell Contact","PMID: 15114347"
"381","Pancreatic_tissue","Duct_epithelium","EFNA1","EPHA2",5.64433068953909e-06,0,"EFNA1_EPHA2","EFNA1 - EPHA2","EPHA","Cell-Cell Contact","PMID: 15114347"
"382","Pancreatic_tissue","Pancreatic_tissue","EFNA1","EPHA2",1.96897572837137e-06,0.01,"EFNA1_EPHA2","EFNA1 - EPHA2","EPHA","Cell-Cell Contact","PMID: 15114347"
"383","Cancer_region","Cancer_region","EFNA2","EPHA2",5.64278208411872e-06,0,"EFNA2_EPHA2","EFNA2 - EPHA2","EPHA","Cell-Cell Contact","PMID: 15114347"
"384","Pancreatic_tissue","Cancer_region","EFNA2","EPHA2",2.59495664733245e-06,0,"EFNA2_EPHA2","EFNA2 - EPHA2","EPHA","Cell-Cell Contact","PMID: 15114347"
"385","Cancer_region","Duct_epithelium","EFNA2","EPHA2",4.06568947148886e-06,0.01,"EFNA2_EPHA2","EFNA2 - EPHA2","EPHA","Cell-Cell Contact","PMID: 15114347"
"386","Cancer_region","Duct_epithelium","ICAM1","ITGAX_ITGB2",1.10450504830293e-06,0.03,"ICAM1_ITGAX_ITGB2","ICAM1 - (ITGAX+ITGB2)","ICAM","Cell-Cell Contact","PMID: 16252253"
"387","Pancreatic_tissue","Duct_epithelium","ICAM1","ITGAX_ITGB2",6.76257793216607e-07,0.04,"ICAM1_ITGAX_ITGB2","ICAM1 - (ITGAX+ITGB2)","ICAM","Cell-Cell Contact","PMID: 16252253"
"388","Cancer_region","Pancreatic_tissue","ICAM1","ITGAX_ITGB2",1.72742262819578e-06,0,"ICAM1_ITGAX_ITGB2","ICAM1 - (ITGAX+ITGB2)","ICAM","Cell-Cell Contact","PMID: 16252253"
"389","Pancreatic_tissue","Pancreatic_tissue","ICAM1","ITGAX_ITGB2",1.05764963028773e-06,0,"ICAM1_ITGAX_ITGB2","ICAM1 - (ITGAX+ITGB2)","ICAM","Cell-Cell Contact","PMID: 16252253"
"390","Stroma","Pancreatic_tissue","ICAM1","ITGAX_ITGB2",1.11642467624737e-06,0.02,"ICAM1_ITGAX_ITGB2","ICAM1 - (ITGAX+ITGB2)","ICAM","Cell-Cell Contact","PMID: 16252253"
"391","Pancreatic_tissue","Cancer_region","ITGB2","ICAM1",1.2875592533e-06,0,"ITGB2_ICAM1","ITGB2 - ICAM1","ITGB2","Cell-Cell Contact","KEGG: hsa04514"
"392","Pancreatic_tissue","Pancreatic_tissue","ITGB2","ICAM1",7.88335289146948e-07,0,"ITGB2_ICAM1","ITGB2 - ICAM1","ITGB2","Cell-Cell Contact","KEGG: hsa04514"
"393","Pancreatic_tissue","Duct_epithelium","ITGB2","ICAM2",2.48612222214357e-06,0,"ITGB2_ICAM2","ITGB2 - ICAM2","ITGB2","Cell-Cell Contact","KEGG: hsa04514"
"394","Duct_epithelium","Pancreatic_tissue","ITGB2","ICAM2",1.72402264689746e-06,0,"ITGB2_ICAM2","ITGB2 - ICAM2","ITGB2","Cell-Cell Contact","KEGG: hsa04514"
"395","Pancreatic_tissue","Pancreatic_tissue","ITGB2","ICAM2",3.17742257495734e-06,0,"ITGB2_ICAM2","ITGB2 - ICAM2","ITGB2","Cell-Cell Contact","KEGG: hsa04514"
"396","Stroma","Pancreatic_tissue","ITGB2","ICAM2",2.15083618826017e-06,0.01,"ITGB2_ICAM2","ITGB2 - ICAM2","ITGB2","Cell-Cell Contact","KEGG: hsa04514"
"397","Cancer_region","Cancer_region","F11R","F11R",1.31885302370181e-06,0.02,"F11R_F11R","F11R - F11R","JAM","Cell-Cell Contact","KEGG: hsa04514"
"398","Pancreatic_tissue","Cancer_region","F11R","F11R",7.40408496583991e-07,0,"F11R_F11R","F11R - F11R","JAM","Cell-Cell Contact","KEGG: hsa04514"
"399","Cancer_region","Pancreatic_tissue","F11R","F11R",7.40408496583991e-07,0,"F11R_F11R","F11R - F11R","JAM","Cell-Cell Contact","KEGG: hsa04514"
"400","Cancer_region","Cancer_region","JAG1","NOTCH1",2.12187472551029e-06,0,"JAG1_NOTCH1","JAG1 - NOTCH1","NOTCH","Cell-Cell Contact","PMID: 22353464"
"401","Cancer_region","Pancreatic_tissue","JAG1","NOTCH1",2.08460036048332e-06,0,"JAG1_NOTCH1","JAG1 - NOTCH1","NOTCH","Cell-Cell Contact","PMID: 22353464"
"402","Duct_epithelium","Pancreatic_tissue","JAG1","NOTCH1",1.02280680639825e-06,0.02,"JAG1_NOTCH1","JAG1 - NOTCH1","NOTCH","Cell-Cell Contact","PMID: 22353464"
"403","Pancreatic_tissue","Pancreatic_tissue","JAG1","NOTCH1",6.32863170793365e-07,0.01,"JAG1_NOTCH1","JAG1 - NOTCH1","NOTCH","Cell-Cell Contact","PMID: 22353464"
"404","Cancer_region","Duct_epithelium","JAG1","NOTCH2",2.2837107474841e-06,0,"JAG1_NOTCH2","JAG1 - NOTCH2","NOTCH","Cell-Cell Contact","PMID: 22353464"
"405","Cancer_region","Pancreatic_tissue","JAG1","NOTCH2",2.72597125930291e-06,0,"JAG1_NOTCH2","JAG1 - NOTCH2","NOTCH","Cell-Cell Contact","PMID: 22353464"
"406","Pancreatic_tissue","Pancreatic_tissue","JAG1","NOTCH2",8.27582862470069e-07,0.04,"JAG1_NOTCH2","JAG1 - NOTCH2","NOTCH","Cell-Cell Contact","PMID: 22353464"
"407","Cancer_region","Cancer_region","JAG1","NOTCH3",2.87161505424697e-05,0,"JAG1_NOTCH3","JAG1 - NOTCH3","NOTCH","Cell-Cell Contact","PMID: 22353464"
"408","Duct_epithelium","Cancer_region","JAG1","NOTCH3",1.40921530005303e-05,0,"JAG1_NOTCH3","JAG1 - NOTCH3","NOTCH","Cell-Cell Contact","PMID: 22353464"
"409","Pancreatic_tissue","Cancer_region","JAG1","NOTCH3",8.71930876469381e-06,0,"JAG1_NOTCH3","JAG1 - NOTCH3","NOTCH","Cell-Cell Contact","PMID: 22353464"
"410","Cancer_region","Pancreatic_tissue","JAG1","NOTCH3",9.77966637036113e-06,0,"JAG1_NOTCH3","JAG1 - NOTCH3","NOTCH","Cell-Cell Contact","PMID: 22353464"
"411","Duct_epithelium","Cancer_region","JAG2","NOTCH1",1.21475864134165e-06,0.01,"JAG2_NOTCH1","JAG2 - NOTCH1","NOTCH","Cell-Cell Contact","PMID: 22353464"
"412","Pancreatic_tissue","Cancer_region","JAG2","NOTCH1",1.00454067341901e-06,0,"JAG2_NOTCH1","JAG2 - NOTCH1","NOTCH","Cell-Cell Contact","PMID: 22353464"
"413","Duct_epithelium","Pancreatic_tissue","JAG2","NOTCH1",1.19343173144369e-06,0,"JAG2_NOTCH1","JAG2 - NOTCH1","NOTCH","Cell-Cell Contact","PMID: 22353464"
"414","Pancreatic_tissue","Pancreatic_tissue","JAG2","NOTCH1",9.86897485872631e-07,0,"JAG2_NOTCH1","JAG2 - NOTCH1","NOTCH","Cell-Cell Contact","PMID: 22353464"
"415","Stroma","Pancreatic_tissue","JAG2","NOTCH1",1.09772116742512e-06,0.02,"JAG2_NOTCH1","JAG2 - NOTCH1","NOTCH","Cell-Cell Contact","PMID: 22353464"
"416","Pancreatic_tissue","Duct_epithelium","JAG2","NOTCH2",1.08115747639755e-06,0.02,"JAG2_NOTCH2","JAG2 - NOTCH2","NOTCH","Cell-Cell Contact","PMID: 22353464"
"417","Duct_epithelium","Pancreatic_tissue","JAG2","NOTCH2",1.56062737354316e-06,0,"JAG2_NOTCH2","JAG2 - NOTCH2","NOTCH","Cell-Cell Contact","PMID: 22353464"
"418","Pancreatic_tissue","Pancreatic_tissue","JAG2","NOTCH2",1.29054016375205e-06,0,"JAG2_NOTCH2","JAG2 - NOTCH2","NOTCH","Cell-Cell Contact","PMID: 22353464"
"419","Stroma","Pancreatic_tissue","JAG2","NOTCH2",1.43547092681441e-06,0.02,"JAG2_NOTCH2","JAG2 - NOTCH2","NOTCH","Cell-Cell Contact","PMID: 22353464"
"420","Duct_epithelium","Cancer_region","JAG2","NOTCH3",1.64425527533257e-05,0,"JAG2_NOTCH3","JAG2 - NOTCH3","NOTCH","Cell-Cell Contact","PMID: 22353464"
"421","Pancreatic_tissue","Cancer_region","JAG2","NOTCH3",1.35955675864154e-05,0,"JAG2_NOTCH3","JAG2 - NOTCH3","NOTCH","Cell-Cell Contact","PMID: 22353464"
"422","Stroma","Cancer_region","JAG2","NOTCH3",1.5124437781062e-05,0,"JAG2_NOTCH3","JAG2 - NOTCH3","NOTCH","Cell-Cell Contact","PMID: 22353464"
"423","Pancreatic_tissue","Pancreatic_tissue","JAG2","NOTCH3",4.63004797939068e-06,0.01,"JAG2_NOTCH3","JAG2 - NOTCH3","NOTCH","Cell-Cell Contact","PMID: 22353464"
"424","Duct_epithelium","Cancer_region","NRXN2","NLGN2",2.1193116915176e-06,0.03,"NRXN2_NLGN2","NRXN2 - NLGN2","NRXN","Cell-Cell Contact","KEGG: hsa04514"
"425","Pancreatic_tissue","Cancer_region","NRXN2","NLGN2",3.33323864441179e-06,0,"NRXN2_NLGN2","NRXN2 - NLGN2","NRXN","Cell-Cell Contact","KEGG: hsa04514"
"426","Pancreatic_tissue","Duct_epithelium","NRXN2","NLGN2",2.17803593912527e-06,0,"NRXN2_NLGN2","NRXN2 - NLGN2","NRXN","Cell-Cell Contact","KEGG: hsa04514"
"427","Pancreatic_tissue","Stroma","NRXN2","NLGN2",2.82080522314061e-06,0,"NRXN2_NLGN2","NRXN2 - NLGN2","NRXN","Cell-Cell Contact","KEGG: hsa04514"
"428","Pancreatic_tissue","Duct_epithelium","PECAM1","PECAM1",3.50136317669442e-06,0,"PECAM1_PECAM1","PECAM1 - PECAM1","PECAM1","Cell-Cell Contact","KEGG: hsa04514"
"429","Duct_epithelium","Pancreatic_tissue","PECAM1","PECAM1",3.50136317669442e-06,0,"PECAM1_PECAM1","PECAM1 - PECAM1","PECAM1","Cell-Cell Contact","KEGG: hsa04514"
"430","Pancreatic_tissue","Pancreatic_tissue","PECAM1","PECAM1",4.56010747347735e-06,0,"PECAM1_PECAM1","PECAM1 - PECAM1","PECAM1","Cell-Cell Contact","KEGG: hsa04514"
"431","Stroma","Cancer_region","SEMA4A","PLXNB1",1.13714534190664e-05,0.03,"SEMA4A_PLXNB1","SEMA4A - PLXNB1","SEMA4","Cell-Cell Contact","PMID: 27533782"
"432","Stroma","Duct_epithelium","SEMA4A","PLXNB1",1.29670893452043e-05,0,"SEMA4A_PLXNB1","SEMA4A - PLXNB1","SEMA4","Cell-Cell Contact","PMID: 27533782"
"433","Duct_epithelium","Pancreatic_tissue","SEMA4A","PLXNB1",9.31679907851193e-06,0,"SEMA4A_PLXNB1","SEMA4A - PLXNB1","SEMA4","Cell-Cell Contact","PMID: 27533782"
"434","Pancreatic_tissue","Pancreatic_tissue","SEMA4A","PLXNB1",4.65678973371212e-06,0,"SEMA4A_PLXNB1","SEMA4A - PLXNB1","SEMA4","Cell-Cell Contact","PMID: 27533782"
"435","Stroma","Pancreatic_tissue","SEMA4A","PLXNB1",1.76129485405472e-05,0,"SEMA4A_PLXNB1","SEMA4A - PLXNB1","SEMA4","Cell-Cell Contact","PMID: 27533782"
"436","Duct_epithelium","Cancer_region","SEMA4D","PLXNB1",1.57762676579423e-05,0.02,"SEMA4D_PLXNB1","SEMA4D - PLXNB1","SEMA4","Cell-Cell Contact","PMID: 27533782"
"437","Duct_epithelium","Duct_epithelium","SEMA4D","PLXNB1",1.79898429666838e-05,0.01,"SEMA4D_PLXNB1","SEMA4D - PLXNB1","SEMA4","Cell-Cell Contact","PMID: 27533782"
"438","Duct_epithelium","Pancreatic_tissue","SEMA4D","PLXNB1",2.44320392038135e-05,0,"SEMA4D_PLXNB1","SEMA4D - PLXNB1","SEMA4","Cell-Cell Contact","PMID: 27533782"
"439","Pancreatic_tissue","Pancreatic_tissue","SEMA4D","PLXNB1",1.05467462846142e-05,0,"SEMA4D_PLXNB1","SEMA4D - PLXNB1","SEMA4","Cell-Cell Contact","PMID: 27533782"
"440","Stroma","Pancreatic_tissue","SEMA4D","PLXNB1",1.52597454012144e-05,0,"SEMA4D_PLXNB1","SEMA4D - PLXNB1","SEMA4","Cell-Cell Contact","PMID: 27533782"
"441","Cancer_region","Duct_epithelium","SEMA7A","ITGB1_ITGA1",6.99236563364957e-06,0,"SEMA7A_ITGB1_ITGA1","SEMA7A - (ITGB1+ITGA1)","SEMA7","Cell-Cell Contact","PMID: 22325954"
"442","Stroma","Duct_epithelium","SEMA7A","ITGB1_ITGA1",9.80858515008019e-06,0,"SEMA7A_ITGB1_ITGA1","SEMA7A - (ITGB1+ITGA1)","SEMA7","Cell-Cell Contact","PMID: 22325954"
"443","Pancreatic_tissue","Duct_epithelium","THY1","ITGAX_ITGB2",4.82568640945278e-06,0.01,"THY1_ITGAX_ITGB2","THY1 - (ITGAX+ITGB2)","THY1","Cell-Cell Contact","PMID: 15850796"
"444","Cancer_region","Pancreatic_tissue","THY1","ITGAX_ITGB2",7.71492326112071e-06,0,"THY1_ITGAX_ITGB2","THY1 - (ITGAX+ITGB2)","THY1","Cell-Cell Contact","PMID: 15850796"
"445","Duct_epithelium","Pancreatic_tissue","THY1","ITGAX_ITGB2",6.9792841659701e-06,0,"THY1_ITGAX_ITGB2","THY1 - (ITGAX+ITGB2)","THY1","Cell-Cell Contact","PMID: 15850796"
"446","Pancreatic_tissue","Pancreatic_tissue","THY1","ITGAX_ITGB2",7.54575966407559e-06,0,"THY1_ITGAX_ITGB2","THY1 - (ITGAX+ITGB2)","THY1","Cell-Cell Contact","PMID: 15850796"
