"","ligand","receptor","species","celltype_sender","celltype_receiver","lr_co_exp_num","lr_co_ratio","lr_co_ratio_pvalue","score"
"124","TNFSF12","TNFRSF12A","Human","TDuct_epithelium","TStroma",13,0.0266393442622951,0.715,0.379756062807287
"1","SEMA3F","PLXNA3","Human","TDuct_epithelium","TCancer_region",1,0.00714285714285714,0.934,0.192830223249547
"4","GRN","TNFRSF1A","Human","TDuct_epithelium","TCancer_region",36,0.257142857142857,0.978,0.145448157801954
"11","SEMA4G","PLXNB2","Human","TDuct_epithelium","TCancer_region",8,0.0571428571428571,0.388,0.586195485420742
"18","TGFB1","SMAD3","Human","TDuct_epithelium","TCancer_region",4,0.0285714285714286,0.594,0.492468796141884
"34","COL1A1","ITGA5","Human","TDuct_epithelium","TCancer_region",23,0.164285714285714,0.46,0.526662763079016
"39","COL1A1","ITGA11","Human","TDuct_epithelium","TCancer_region",9,0.0642857142857143,0.97,0.124489225975645
"45","HBEGF","ERBB2","Human","TDuct_epithelium","TCancer_region",2,0.0142857142857143,0.938,0.184810482770086
"49","FGF23","FGFR3","Human","TDuct_epithelium","TCancer_region",2,0.0142857142857143,0.824,0.297876456317117
"55","INHBA","SMAD3","Human","TDuct_epithelium","TCancer_region",4,0.0285714285714286,0.09,0.737286695892759
"62","LAMA5","SDC1","Human","TDuct_epithelium","TCancer_region",10,0.0714285714285714,0.073,0.704621644910728
"70","JAG1","NOTCH3","Human","TDuct_epithelium","TCancer_region",13,0.0928571428571429,0.034,0.929769002747298
"80","MMP7","SDC1","Human","TDuct_epithelium","TCancer_region",8,0.0571428571428571,0.996,0.0462856224505883
"101","TIMP2","CD44","Human","TDuct_epithelium","TCancer_region",4,0.0285714285714286,0.993,0.0601286794446306
"111","VCAN","CD44","Human","TDuct_epithelium","TCancer_region",1,0.00714285714285714,0.995,0.0508180092638366
"126","FGF19","FGFR3","Human","TDuct_epithelium","TCancer_region",1,0.00714285714285714,0.855,0.270373327423759
"135","COL1A2","CD44","Human","TDuct_epithelium","TCancer_region",4,0.0285714285714286,0.99,0.0718675179137194
"137","COL1A2","ITGA11","Human","TDuct_epithelium","TCancer_region",9,0.0642857142857143,0.752,0.357929076365498
"148","SEMA4C","PLXNB2","Human","TDuct_epithelium","TCancer_region",5,0.0357142857142857,0.342,0.607826604437558
"151","GNAI2","EDNRA","Human","TDuct_epithelium","TCancer_region",12,0.0857142857142857,0.003,0.723071485480722
"153","AGTRAP","RACK1","Human","TDuct_epithelium","TCancer_region",11,0.0785714285714286,0.997,0.0547586944465992
"154","PKM","CD44","Human","TDuct_epithelium","TCancer_region",5,0.0357142857142857,0.999,0.0227265046390306
"169","HMGB1","SDC1","Human","TDuct_epithelium","TCancer_region",4,0.0285714285714286,0.994,0.0566880787155255
"182","TGM2","SDC4","Human","TDuct_epithelium","TCancer_region",25,0.178571428571429,0.875,0.251985694976463
"190","ADAM12","SDC4","Human","TDuct_epithelium","TCancer_region",10,0.0714285714285714,0.003,0.711653286938816
"208","SPP1","CD44","Human","TDuct_epithelium","TCancer_region",5,0.0357142857142857,0.995,0.0508180092638366
"210","LGALS9","CD44","Human","TDuct_epithelium","TCancer_region",6,0.0428571428571429,0.498,0.50919543849111
"213","S100A10","CFTR","Human","TDuct_epithelium","TCancer_region",7,0.05,0.991,0.0746205583965414
"214","HSP90AA1","CFTR","Human","TDuct_epithelium","TCancer_region",3,0.0214285714285714,0.994,0.0609274307976938
"215","PLAU","ITGA3","Human","TDuct_epithelium","TCancer_region",5,0.0357142857142857,0.78,0.336460387113926
"217","LGALS8","ITGA3","Human","TDuct_epithelium","TCancer_region",2,0.0142857142857143,0.787,0.331064338134871
"218","NID1","ITGA3","Human","TDuct_epithelium","TCancer_region",2,0.0142857142857143,0.892,0.235740650508332
"219","LAMC3","ITGA3","Human","TDuct_epithelium","TCancer_region",1,0.00714285714285714,0.96,0.14346719111595
"221","CALR","ITGA3","Human","TDuct_epithelium","TCancer_region",29,0.207142857142857,0.896,0.231333894640239
"222","TIMP2","ITGA3","Human","TDuct_epithelium","TCancer_region",22,0.157142857142857,0.793,0.326368152162057
"223","LAMB2","ITGA3","Human","TDuct_epithelium","TCancer_region",7,0.05,0.992,0.0641604783752437
"224","LAMA5","ITGA3","Human","TDuct_epithelium","TCancer_region",6,0.0428571428571429,0.342,0.581882835753233
"225","ADAM9","ITGA3","Human","TDuct_epithelium","TCancer_region",11,0.0785714285714286,0.001,0.716977197890104
"226","LAMC1","ITGA3","Human","TDuct_epithelium","TCancer_region",1,0.00714285714285714,0.991,0.0680524640149615
"227","LAMB3","ITGA3","Human","TDuct_epithelium","TCancer_region",9,0.0642857142857143,0.997,0.0392901084180553
"228","COL18A1","ITGA3","Human","TDuct_epithelium","TCancer_region",21,0.15,0.939,0.177168911672501
"230","LAMC2","ITGA3","Human","TDuct_epithelium","TCancer_region",22,0.157142857142857,0.775,0.340262320074807
"231","FN1","ITGA3","Human","TDuct_epithelium","TCancer_region",8,0.0571428571428571,0.994,0.0555646041919231
"238","LTB","TNFRSF1A","Human","TDuct_epithelium","TCancer_region",1,0.00714285714285714,0.995,0.0693396885694262
"239","LAMC3","ITGB4","Human","TDuct_epithelium","TCancer_region",1,0.00714285714285714,0.985,0.0877536442034876
"240","LAMB2","ITGB4","Human","TDuct_epithelium","TCancer_region",11,0.0785714285714286,0.977,0.108663439921261
"241","LAMA5","ITGB4","Human","TDuct_epithelium","TCancer_region",12,0.0857142857142857,0.014,0.71147228767762
"242","LAMC1","ITGB4","Human","TDuct_epithelium","TCancer_region",1,0.00714285714285714,0.993,0.0599471514457782
"243","LAMB3","ITGB4","Human","TDuct_epithelium","TCancer_region",15,0.107142857142857,0.975,0.11328946752304
"245","LAMC2","ITGB4","Human","TDuct_epithelium","TCancer_region",32,0.228571428571429,0.438,0.537140240154448
"277","PSEN1","NOTCH3","Human","TDuct_epithelium","TCancer_region",1,0.00714285714285714,0.978,0.140312977454572
"279","SCGB3A1","NOTCH3","Human","TDuct_epithelium","TCancer_region",1,0.00714285714285714,0.999,0.0299148273073034
"282","BMP2","GPC1","Human","TDuct_epithelium","TCancer_region",1,0.00714285714285714,0.839,0.28546118453054
"283","APP","GPC1","Human","TDuct_epithelium","TCancer_region",10,0.0714285714285714,0.996,0.0449949860211718
"284","COL18A1","GPC1","Human","TDuct_epithelium","TCancer_region",15,0.107142857142857,0.913,0.209842645053951
"285","VEGFA","GPC1","Human","TDuct_epithelium","TCancer_region",1,0.00714285714285714,0.989,0.0746157430397566
"289","S100A4","ERBB2","Human","TDuct_epithelium","TCancer_region",9,0.0642857142857143,0.876,0.261361491202174
"290","SEMA4D","ERBB2","Human","TDuct_epithelium","TCancer_region",1,0.00714285714285714,0.814,0.320101145929121
"291","HLA-A","ERBB2","Human","TDuct_epithelium","TCancer_region",19,0.135714285714286,0.995,0.0524826503910917
"318","PLAU","ITGA5","Human","TDuct_epithelium","TCancer_region",7,0.05,0.168,0.653728466288888
"319","SPP1","ITGA5","Human","TDuct_epithelium","TCancer_region",22,0.157142857142857,0.235,0.626854071417902
"320","FGG","ITGA5","Human","TDuct_epithelium","TCancer_region",2,0.0142857142857143,0.838,0.288465075536376
"321","FGA","ITGA5","Human","TDuct_epithelium","TCancer_region",4,0.0285714285714286,0.803,0.318103792183325
"322","FGB","ITGA5","Human","TDuct_epithelium","TCancer_region",12,0.0857142857142857,0,0.716697242259942
"323","FBN1","ITGA5","Human","TDuct_epithelium","TCancer_region",1,0.00714285714285714,0.998,0.0320516750595973
"324","COL18A1","ITGA5","Human","TDuct_epithelium","TCancer_region",22,0.157142857142857,0.24,0.624802170425075
"325","ADAM15","ITGA5","Human","TDuct_epithelium","TCancer_region",5,0.0357142857142857,0.942,0.172603552540654
"326","FN1","ITGA5","Human","TDuct_epithelium","TCancer_region",10,0.0714285714285714,0.637,0.431806371136267
"364","SEMA4D","PLXNB1","Human","TDuct_epithelium","TCancer_region",4,0.0285714285714286,0.203,0.652334103343943
"383","VIM","CD44","Human","TDuct_epithelium","TCancer_region",1,0.00714285714285714,0.999,0.0227265046390306
"384","SEMA4D","PLXNB2","Human","TDuct_epithelium","TCancer_region",4,0.0285714285714286,0.403,0.578967151183071
"41","GRN","TNFRSF1A","Human","TDuct_epithelium","TPancreatic_tissue",26,0.366197183098592,0.295,0.829892541846402
"6","ICAM3","ITGB2","Human","TDuct_epithelium","TPancreatic_tissue",2,0.028169014084507,0.042,0.912033259635421
"7","EFNB1","EPHB6","Human","TDuct_epithelium","TPancreatic_tissue",3,0.0422535211267606,0.125,0.708319938102785
"8","EFNB1","EPHB4","Human","TDuct_epithelium","TPancreatic_tissue",5,0.0704225352112676,0.022,0.747474230173076
"9","EFNB1","ERBB2","Human","TDuct_epithelium","TPancreatic_tissue",5,0.0704225352112676,0.244,0.869416144228432
"10","EFNB1","EPHB3","Human","TDuct_epithelium","TPancreatic_tissue",3,0.0422535211267606,0.033,0.699788951077874
"114","SEMA4G","PLXNB2","Human","TDuct_epithelium","TPancreatic_tissue",3,0.0422535211267606,0.669,0.467968589674436
"12","VCL","ITGB5","Human","TDuct_epithelium","TPancreatic_tissue",2,0.028169014084507,0.458,0.590637888422856
"14","LGALS1","ITGB1","Human","TDuct_epithelium","TPancreatic_tissue",5,0.0704225352112676,0.391,0.693100721145397
"15","MMP2","PECAM1","Human","TDuct_epithelium","TPancreatic_tissue",7,0.0985915492957746,0.176,0.835004647668284
"16","MMP2","FGFR1","Human","TDuct_epithelium","TPancreatic_tissue",9,0.126760563380282,0.048,0.970758018412445
"17","PLAT","ITGB2","Human","TDuct_epithelium","TPancreatic_tissue",6,0.0845070422535211,0,0.931811190454803
"184","TGFB1","SMAD3","Human","TDuct_epithelium","TPancreatic_tissue",6,0.0845070422535211,0.022,0.884457591729799
"19","TGFB1","ITGB6","Human","TDuct_epithelium","TPancreatic_tissue",5,0.0704225352112676,0.058,0.789881280367194
"20","TGFB1","ITGAV","Human","TDuct_epithelium","TPancreatic_tissue",9,0.126760563380282,0.001,0.906298338139064
"21","TGFB1","ITGB1","Human","TDuct_epithelium","TPancreatic_tissue",4,0.0563380281690141,0.151,0.818354640659913
"22","TGFB1","CXCR4","Human","TDuct_epithelium","TPancreatic_tissue",5,0.0704225352112676,0.006,0.853825145995399
"23","TGFB1","ITGB5","Human","TDuct_epithelium","TPancreatic_tissue",11,0.154929577464789,0.002,0.801469371314474
"24","COMP","ITGB1","Human","TDuct_epithelium","TPancreatic_tissue",3,0.0422535211267606,0.219,0.784897997973219
"26","LAMB1","ITGAV","Human","TDuct_epithelium","TPancreatic_tissue",4,0.0563380281690141,0.095,0.862606505490278
"27","LAMB1","ITGB1","Human","TDuct_epithelium","TPancreatic_tissue",4,0.0563380281690141,0.049,0.866119791882444
"28","LAMB1","ITGA6","Human","TDuct_epithelium","TPancreatic_tissue",3,0.0422535211267606,0.063,0.696951088133378
"29","LAMB1","ITGA1","Human","TDuct_epithelium","TPancreatic_tissue",1,0.0140845070422535,0.704,0.390446572851668
"30","LAMB1","ITGA2","Human","TDuct_epithelium","TPancreatic_tissue",3,0.0422535211267606,0.168,0.801412306830048
"31","PDAP1","PDGFRB","Human","TDuct_epithelium","TPancreatic_tissue",2,0.028169014084507,0.516,0.695188565439464
"32","SERPINE1","ITGAV","Human","TDuct_epithelium","TPancreatic_tissue",5,0.0704225352112676,0.007,0.903572622678492
"33","SERPINE1","ITGB5","Human","TDuct_epithelium","TPancreatic_tissue",4,0.0563380281690141,0.085,0.767418397701859
"3410","COL1A1","ITGA5","Human","TDuct_epithelium","TPancreatic_tissue",18,0.253521126760563,0.027,0.820678004891579
"35","COL1A1","ITGA1","Human","TDuct_epithelium","TPancreatic_tissue",9,0.126760563380282,0.022,0.709716965554726
"36","COL1A1","CD44","Human","TDuct_epithelium","TPancreatic_tissue",16,0.225352112676056,0.001,0.883186845428731
"37","COL1A1","ITGAV","Human","TDuct_epithelium","TPancreatic_tissue",21,0.295774647887324,0,0.906751827453477
"38","COL1A1","ITGB1","Human","TDuct_epithelium","TPancreatic_tissue",10,0.140845070422535,0.025,0.876980652417272
"40","COL1A1","ITGA2","Human","TDuct_epithelium","TPancreatic_tissue",12,0.169014084507042,0.005,0.876407094657537
"44","HBEGF","CD44","Human","TDuct_epithelium","TPancreatic_tissue",2,0.028169014084507,0.386,0.692395175819161
"451","HBEGF","ERBB2","Human","TDuct_epithelium","TPancreatic_tissue",1,0.0140845070422535,0.911,0.298305874488324
"47","FGF23","FGFR4","Human","TDuct_epithelium","TPancreatic_tissue",7,0.0985915492957746,0,0.996860156303408
"48","FGF23","FGFR1","Human","TDuct_epithelium","TPancreatic_tissue",9,0.126760563380282,0,0.994929967929448
"491","FGF23","FGFR3","Human","TDuct_epithelium","TPancreatic_tissue",13,0.183098591549296,0,0.99706692622123
"50","TGFB3","ITGB1","Human","TDuct_epithelium","TPancreatic_tissue",3,0.0422535211267606,0.025,0.876980652417272
"51","TGFB3","ITGB6","Human","TDuct_epithelium","TPancreatic_tissue",2,0.028169014084507,0.143,0.753402021303151
"52","TGFB3","ITGB5","Human","TDuct_epithelium","TPancreatic_tissue",2,0.028169014084507,0.306,0.668346063960989
"53","TNFSF10","RIPK1","Human","TDuct_epithelium","TPancreatic_tissue",1,0.0140845070422535,0.5,0.591151987532617
"551","INHBA","SMAD3","Human","TDuct_epithelium","TPancreatic_tissue",2,0.028169014084507,0.181,0.809374537388965
"57","C3","ITGAX","Human","TDuct_epithelium","TPancreatic_tissue",10,0.140845070422535,0.024,0.911709575625658
"58","C3","ADRA2A","Human","TDuct_epithelium","TPancreatic_tissue",19,0.267605633802817,0,0.82750650590155
"59","C3","ITGB2","Human","TDuct_epithelium","TPancreatic_tissue",6,0.0845070422535211,0.097,0.885465810449555
"621","LAMA5","SDC1","Human","TDuct_epithelium","TPancreatic_tissue",5,0.0704225352112676,0.198,0.836118273510012
"63","LAMA5","ITGA6","Human","TDuct_epithelium","TPancreatic_tissue",3,0.0422535211267606,0.01,0.716390968912342
"64","LAMA5","ITGB1","Human","TDuct_epithelium","TPancreatic_tissue",1,0.0140845070422535,0.509,0.622341053149777
"65","LAMA5","ITGA2","Human","TDuct_epithelium","TPancreatic_tissue",1,0.0140845070422535,0.498,0.622509814315211
"69","JAG1","NOTCH2","Human","TDuct_epithelium","TPancreatic_tissue",2,0.028169014084507,0.261,0.799766585767992
"701","JAG1","NOTCH3","Human","TDuct_epithelium","TPancreatic_tissue",7,0.0985915492957746,0.073,0.944810447193233
"71","LAMC1","ITGA6","Human","TDuct_epithelium","TPancreatic_tissue",1,0.0140845070422535,0.355,0.578245634009694
"72","LAMC1","ITGA1","Human","TDuct_epithelium","TPancreatic_tissue",1,0.0140845070422535,0.403,0.554501755207093
"74","LAMC1","ITGAV","Human","TDuct_epithelium","TPancreatic_tissue",3,0.0422535211267606,0.051,0.883327082050652
"75","LAMC1","ITGB1","Human","TDuct_epithelium","TPancreatic_tissue",2,0.028169014084507,0.147,0.820280183652861
"76","LAMC1","ITGA2","Human","TDuct_epithelium","TPancreatic_tissue",3,0.0422535211267606,0.031,0.864880753568364
"77","IL1RN","IL1R1","Human","TDuct_epithelium","TPancreatic_tissue",10,0.140845070422535,0,0.863702896506605
"78","CCL21","ADRA2A","Human","TDuct_epithelium","TPancreatic_tissue",1,0.0140845070422535,0.404,0.638843597695397
"79","MMP7","CD44","Human","TDuct_epithelium","TPancreatic_tissue",7,0.0985915492957746,0.017,0.876085730438796
"801","MMP7","SDC1","Human","TDuct_epithelium","TPancreatic_tissue",14,0.197183098591549,0.047,0.911437685011344
"81","THBS1","SDC1","Human","TDuct_epithelium","TPancreatic_tissue",4,0.0563380281690141,0.656,0.547595350845127
"82","THBS1","ITGB1","Human","TDuct_epithelium","TPancreatic_tissue",3,0.0422535211267606,0.083,0.850496189619251
"84","THBS1","SDC4","Human","TDuct_epithelium","TPancreatic_tissue",3,0.0422535211267606,0.883,0.283241653236256
"85","THBS1","ITGA6","Human","TDuct_epithelium","TPancreatic_tissue",3,0.0422535211267606,0.034,0.707654166840055
"99","SEMA7A","ITGB1","Human","TDuct_epithelium","TPancreatic_tissue",2,0.028169014084507,0.086,0.849103834759859
"100","SEMA7A","ITGA1","Human","TDuct_epithelium","TPancreatic_tissue",2,0.028169014084507,0.064,0.694310421490443
"1011","TIMP2","CD44","Human","TDuct_epithelium","TPancreatic_tissue",3,0.0422535211267606,0.915,0.257619842632663
"102","TIMP2","ITGB1","Human","TDuct_epithelium","TPancreatic_tissue",6,0.0845070422535211,0.182,0.803275195004152
"103","LGALS3BP","ITGB1","Human","TDuct_epithelium","TPancreatic_tissue",10,0.140845070422535,0.062,0.86017957022219
"104","LAMC2","ITGA6","Human","TDuct_epithelium","TPancreatic_tissue",4,0.0563380281690141,0.23,0.631797448411553
"105","LAMC2","ITGB1","Human","TDuct_epithelium","TPancreatic_tissue",2,0.028169014084507,0.888,0.297232788418038
"106","LAMC2","ITGA2","Human","TDuct_epithelium","TPancreatic_tissue",3,0.0422535211267606,0.756,0.433999528191532
"107","NID1","ITGB1","Human","TDuct_epithelium","TPancreatic_tissue",1,0.0140845070422535,0.417,0.678144090829195
"108","NID1","PTPRF","Human","TDuct_epithelium","TPancreatic_tissue",1,0.0140845070422535,0.716,0.524027762885206
"109","ICAM1","ITGAX","Human","TDuct_epithelium","TPancreatic_tissue",6,0.0845070422535211,0.001,0.922389501988347
"110","ICAM1","ITGB2","Human","TDuct_epithelium","TPancreatic_tissue",4,0.0563380281690141,0.007,0.928544123881143
"1111","VCAN","CD44","Human","TDuct_epithelium","TPancreatic_tissue",6,0.0845070422535211,0.051,0.860801378804221
"112","VCAN","ITGB1","Human","TDuct_epithelium","TPancreatic_tissue",3,0.0422535211267606,0.304,0.740955838014863
"113","TIMP3","CD44","Human","TDuct_epithelium","TPancreatic_tissue",1,0.0140845070422535,0.748,0.443578122254703
"115","LUM","ITGB1","Human","TDuct_epithelium","TPancreatic_tissue",5,0.0704225352112676,0.011,0.883254482597212
"117","CALM2","INSR","Human","TDuct_epithelium","TPancreatic_tissue",5,0.0704225352112676,0.046,0.906151073282502
"118","CALM2","AQP1","Human","TDuct_epithelium","TPancreatic_tissue",6,0.0845070422535211,0.081,0.679184835603948
"122","CALM3","INSR","Human","TDuct_epithelium","TPancreatic_tissue",13,0.183098591549296,0,0.927740299052141
"123","CALM3","AQP1","Human","TDuct_epithelium","TPancreatic_tissue",17,0.23943661971831,0,0.708484290661099
"125","FGF19","FGFR1","Human","TDuct_epithelium","TPancreatic_tissue",4,0.0563380281690141,0.007,0.991441597673057
"1261","FGF19","FGFR3","Human","TDuct_epithelium","TPancreatic_tissue",2,0.028169014084507,0.287,0.841916605534486
"129","VCAM1","EZR","Human","TDuct_epithelium","TPancreatic_tissue",1,0.0140845070422535,0.968,0.126763820696927
"131","COL6A3","ITGB1","Human","TDuct_epithelium","TPancreatic_tissue",4,0.0563380281690141,0.371,0.704389749124764
"132","COL6A3","ITGA2","Human","TDuct_epithelium","TPancreatic_tissue",6,0.0845070422535211,0.1,0.83351918222989
"133","LIPH","LPAR4","Human","TDuct_epithelium","TPancreatic_tissue",3,0.0422535211267606,0.27,0.652802935321748
"134","LIPH","LPAR2","Human","TDuct_epithelium","TPancreatic_tissue",5,0.0704225352112676,0.002,0.758261104025552
"1351","COL1A2","CD44","Human","TDuct_epithelium","TPancreatic_tissue",3,0.0422535211267606,0.879,0.307370747230106
"136","COL1A2","ITGB1","Human","TDuct_epithelium","TPancreatic_tissue",6,0.0845070422535211,0.133,0.826984277968703
"139","COL6A2","ITGB1","Human","TDuct_epithelium","TPancreatic_tissue",7,0.0985915492957746,0.112,0.836939735272609
"140","CD14","ITGB1","Human","TDuct_epithelium","TPancreatic_tissue",3,0.0422535211267606,0.368,0.706067535739333
"141","CD14","ITGB2","Human","TDuct_epithelium","TPancreatic_tissue",3,0.0422535211267606,0.105,0.881534755252357
"142","COL3A1","ITGB1","Human","TDuct_epithelium","TPancreatic_tissue",5,0.0704225352112676,0.268,0.759876904586466
"145","FGA","ITGAX","Human","TDuct_epithelium","TPancreatic_tissue",4,0.0563380281690141,0.024,0.911709575625658
"146","FGA","ITGB1","Human","TDuct_epithelium","TPancreatic_tissue",2,0.028169014084507,0.37,0.704949455012937
"147","FGA","ITGB2","Human","TDuct_epithelium","TPancreatic_tissue",2,0.028169014084507,0.155,0.856557015022931
"1481","SEMA4C","PLXNB2","Human","TDuct_epithelium","TPancreatic_tissue",1,0.0140845070422535,0.866,0.297752287216056
"149","HAS2","CD44","Human","TDuct_epithelium","TPancreatic_tissue",2,0.028169014084507,0.194,0.793299843575006
"150","EFEMP2","AQP1","Human","TDuct_epithelium","TPancreatic_tissue",5,0.0704225352112676,0.499,0.501474770100046
"1531","AGTRAP","RACK1","Human","TDuct_epithelium","TPancreatic_tissue",8,0.112676056338028,0.851,0.386005060249058
"1541","PKM","CD44","Human","TDuct_epithelium","TPancreatic_tissue",8,0.112676056338028,0.412,0.67757677395285
"155","MMP1","CD44","Human","TDuct_epithelium","TPancreatic_tissue",17,0.23943661971831,0,0.88362877032275
"156","FBN1","ITGB1","Human","TDuct_epithelium","TPancreatic_tissue",3,0.0422535211267606,0.124,0.831265502150978
"163","FBLN1","ITGB1","Human","TDuct_epithelium","TPancreatic_tissue",10,0.140845070422535,0.006,0.885484363658113
"164","COL7A1","ITGB1","Human","TDuct_epithelium","TPancreatic_tissue",1,0.0140845070422535,0.71,0.478284936817787
"165","HSP90AA1","FGFR3","Human","TDuct_epithelium","TPancreatic_tissue",4,0.0563380281690141,0.657,0.583944228663952
"166","FGG","ITGB1","Human","TDuct_epithelium","TPancreatic_tissue",1,0.0140845070422535,0.54,0.60237455744322
"168","CXCL14","CXCR4","Human","TDuct_epithelium","TPancreatic_tissue",1,0.0140845070422535,0.325,0.703602923458173
"1691","HMGB1","SDC1","Human","TDuct_epithelium","TPancreatic_tissue",10,0.140845070422535,0.044,0.91287113966117
"170","HMGB1","CXCR4","Human","TDuct_epithelium","TPancreatic_tissue",4,0.0563380281690141,0.002,0.855541379176422
"172","FN1","CD44","Human","TDuct_epithelium","TPancreatic_tissue",2,0.028169014084507,0.867,0.32225203474563
"173","FN1","ITGB1","Human","TDuct_epithelium","TPancreatic_tissue",5,0.0704225352112676,0.101,0.842107529024093
"174","COL18A1","ITGB1","Human","TDuct_epithelium","TPancreatic_tissue",7,0.0985915492957746,0.117,0.834580159854786
"175","ADAM15","ITGB1","Human","TDuct_epithelium","TPancreatic_tissue",9,0.126760563380282,0,0.888152830873689
"176","CALM1","PTPRA","Human","TDuct_epithelium","TPancreatic_tissue",3,0.0422535211267606,0.392,0.777511060927968
"178","LAMC3","ITGB1","Human","TDuct_epithelium","TPancreatic_tissue",1,0.0140845070422535,0.385,0.696506642005805
"179","COL6A1","ITGB1","Human","TDuct_epithelium","TPancreatic_tissue",4,0.0563380281690141,0.157,0.815457800982787
"180","COL6A1","ITGA6","Human","TDuct_epithelium","TPancreatic_tissue",5,0.0704225352112676,0.015,0.714579610845734
"181","TGM2","ITGB1","Human","TDuct_epithelium","TPancreatic_tissue",6,0.0845070422535211,0.107,0.839292677040095
"1821","TGM2","SDC4","Human","TDuct_epithelium","TPancreatic_tissue",7,0.0985915492957746,0.999,0.026185700104885
"183","THBS2","ITGB1","Human","TDuct_epithelium","TPancreatic_tissue",4,0.0563380281690141,0.117,0.834580159854786
"185","THBS2","ITGA6","Human","TDuct_epithelium","TPancreatic_tissue",1,0.0140845070422535,0.718,0.382346447340079
"187","SEMA4A","PLXNB2","Human","TDuct_epithelium","TPancreatic_tissue",3,0.0422535211267606,0.275,0.692582813590444
"188","EFNA1","EPHB6","Human","TDuct_epithelium","TPancreatic_tissue",3,0.0422535211267606,0.262,0.650509466643652
"192","COL5A1","ITGB1","Human","TDuct_epithelium","TPancreatic_tissue",6,0.0845070422535211,0.026,0.876530803373866
"193","CEL","CXCR4","Human","TDuct_epithelium","TPancreatic_tissue",10,0.140845070422535,0.001,0.855969899803932
"194","SPTAN1","PTPRA","Human","TDuct_epithelium","TPancreatic_tissue",3,0.0422535211267606,0.369,0.792080763327368
"195","PLAU","ITGB1","Human","TDuct_epithelium","TPancreatic_tissue",3,0.0422535211267606,0.085,0.84956820659373
"196","PLAU","ITGB2","Human","TDuct_epithelium","TPancreatic_tissue",1,0.0140845070422535,0.407,0.717555121319248
"197","COL16A1","ITGB1","Human","TDuct_epithelium","TPancreatic_tissue",5,0.0704225352112676,0.022,0.878328817167688
"198","HSPG2","SDC1","Human","TDuct_epithelium","TPancreatic_tissue",21,0.295774647887324,0.559,0.620011615386869
"199","HSPG2","ITGB1","Human","TDuct_epithelium","TPancreatic_tissue",10,0.140845070422535,0.021,0.878777745802759
"200","HSPG2","FGFR1","Human","TDuct_epithelium","TPancreatic_tissue",19,0.267605633802817,0,0.994929967929448
"201","COL5A2","ITGB1","Human","TDuct_epithelium","TPancreatic_tissue",1,0.0140845070422535,0.683,0.500054494993792
"202","COL4A1","ITGB1","Human","TDuct_epithelium","TPancreatic_tissue",1,0.0140845070422535,0.735,0.457204652767304
"203","AGRN","ITGB1","Human","TDuct_epithelium","TPancreatic_tissue",3,0.0422535211267606,0.009,0.884147109891814
"204","ZG16B","CXCR4","Human","TDuct_epithelium","TPancreatic_tissue",5,0.0704225352112676,0.004,0.854683693367657
"205","LAMB3","ITGB1","Human","TDuct_epithelium","TPancreatic_tissue",1,0.0140845070422535,0.943,0.212043582091913
"206","LAMB3","ITGA6","Human","TDuct_epithelium","TPancreatic_tissue",2,0.028169014084507,0.544,0.486199968498911
"2081","SPP1","CD44","Human","TDuct_epithelium","TPancreatic_tissue",10,0.140845070422535,0.069,0.852598743421482
"209","SPP1","ITGB1","Human","TDuct_epithelium","TPancreatic_tissue",9,0.126760563380282,0.022,0.878328817167688
"2101","LGALS9","CD44","Human","TDuct_epithelium","TPancreatic_tissue",4,0.0563380281690141,0.292,0.743509422300352
"211","LGALS9","SLC1A5","Human","TDuct_epithelium","TPancreatic_tissue",4,0.0563380281690141,0.608,0.473382841718155
"212","MDK","ITGA6","Human","TDuct_epithelium","TPancreatic_tissue",2,0.028169014084507,0.403,0.556313591659535
"2131","S100A10","CFTR","Human","TDuct_epithelium","TPancreatic_tissue",17,0.23943661971831,0,0.832566429673607
"2141","HSP90AA1","CFTR","Human","TDuct_epithelium","TPancreatic_tissue",6,0.0845070422535211,0.283,0.704982722122004
"2151","PLAU","ITGA3","Human","TDuct_epithelium","TPancreatic_tissue",1,0.0140845070422535,0.976,0.124672684170343
"2171","LGALS8","ITGA3","Human","TDuct_epithelium","TPancreatic_tissue",1,0.0140845070422535,0.768,0.387623127607606
"220","THBS1","ITGA3","Human","TDuct_epithelium","TPancreatic_tissue",2,0.028169014084507,0.88,0.278776596742249
"2211","CALR","ITGA3","Human","TDuct_epithelium","TPancreatic_tissue",18,0.253521126760563,0.529,0.552301398013733
"2221","TIMP2","ITGA3","Human","TDuct_epithelium","TPancreatic_tissue",6,0.0845070422535211,0.996,0.0508974101800838
"2231","LAMB2","ITGA3","Human","TDuct_epithelium","TPancreatic_tissue",3,0.0422535211267606,0.988,0.0881569004055785
"2241","LAMA5","ITGA3","Human","TDuct_epithelium","TPancreatic_tissue",2,0.028169014084507,0.69,0.448070689886737
"2251","ADAM9","ITGA3","Human","TDuct_epithelium","TPancreatic_tissue",2,0.028169014084507,0.593,0.513408309671054
"2261","LAMC1","ITGA3","Human","TDuct_epithelium","TPancreatic_tissue",2,0.028169014084507,0.659,0.469940504158913
"2271","LAMB3","ITGA3","Human","TDuct_epithelium","TPancreatic_tissue",4,0.0563380281690141,0.992,0.0719798077663409
"2281","COL18A1","ITGA3","Human","TDuct_epithelium","TPancreatic_tissue",11,0.154929577464789,0.869,0.291273743048614
"229","LAMB1","ITGA3","Human","TDuct_epithelium","TPancreatic_tissue",4,0.0563380281690141,0.707,0.435611663173356
"2301","LAMC2","ITGA3","Human","TDuct_epithelium","TPancreatic_tissue",6,0.0845070422535211,0.987,0.0917566110963074
"2311","FN1","ITGA3","Human","TDuct_epithelium","TPancreatic_tissue",2,0.028169014084507,0.999,0.0254487050900419
"232","SLPI","CD4","Human","TDuct_epithelium","TPancreatic_tissue",2,0.028169014084507,0.671,0.494833017963794
"233","IL16","CD4","Human","TDuct_epithelium","TPancreatic_tissue",1,0.0140845070422535,0.324,0.709306711883364
"234","CALM1","SCTR","Human","TDuct_epithelium","TPancreatic_tissue",5,0.0704225352112676,0.433,0.593570220157996
"2381","LTB","TNFRSF1A","Human","TDuct_epithelium","TPancreatic_tissue",4,0.0563380281690141,0.292,0.831656396210006
"2391","LAMC3","ITGB4","Human","TDuct_epithelium","TPancreatic_tissue",1,0.0140845070422535,0.889,0.264189749586252
"2401","LAMB2","ITGB4","Human","TDuct_epithelium","TPancreatic_tissue",5,0.0704225352112676,0.955,0.168213454871811
"2411","LAMA5","ITGB4","Human","TDuct_epithelium","TPancreatic_tissue",3,0.0422535211267606,0.561,0.525395966011684
"2421","LAMC1","ITGB4","Human","TDuct_epithelium","TPancreatic_tissue",4,0.0563380281690141,0.295,0.665808035596799
"2431","LAMB3","ITGB4","Human","TDuct_epithelium","TPancreatic_tissue",7,0.0985915492957746,0.953,0.171910895575832
"244","LAMB1","ITGB4","Human","TDuct_epithelium","TPancreatic_tissue",4,0.0563380281690141,0.825,0.331721406537486
"2451","LAMC2","ITGB4","Human","TDuct_epithelium","TPancreatic_tissue",8,0.112676056338028,0.996,0.0501515626431283
"247","HLA-B","CANX","Human","TDuct_epithelium","TPancreatic_tissue",17,0.23943661971831,0,0.729950483400453
"249","AFDN","NECTIN2","Human","TDuct_epithelium","TPancreatic_tissue",1,0.0140845070422535,0.979,0.134010336688761
"252","APP","NOTCH2","Human","TDuct_epithelium","TPancreatic_tissue",3,0.0422535211267606,0.641,0.557427333351942
"253","JAG2","NOTCH2","Human","TDuct_epithelium","TPancreatic_tissue",1,0.0140845070422535,0.332,0.760377517574441
"254","PDGFB","PDGFRA","Human","TDuct_epithelium","TPancreatic_tissue",1,0.0140845070422535,0.267,0.855794812270066
"255","CD14","RIPK1","Human","TDuct_epithelium","TPancreatic_tissue",4,0.0563380281690141,0.032,0.822530158532954
"258","PLAU","ITGAV","Human","TDuct_epithelium","TPancreatic_tissue",3,0.0422535211267606,0.143,0.839419107024506
"259","SPP1","ITGAV","Human","TDuct_epithelium","TPancreatic_tissue",16,0.225352112676056,0,0.906751827453477
"260","NID1","ITGAV","Human","TDuct_epithelium","TPancreatic_tissue",1,0.0140845070422535,0.54,0.614989010659135
"261","PDGFB","ITGAV","Human","TDuct_epithelium","TPancreatic_tissue",3,0.0422535211267606,0.013,0.900838659913387
"262","CALR","ITGAV","Human","TDuct_epithelium","TPancreatic_tissue",14,0.197183098591549,0.01,0.902206676889679
"263","FGG","ITGAV","Human","TDuct_epithelium","TPancreatic_tissue",2,0.028169014084507,0.271,0.774198282763705
"264","FGA","ITGAV","Human","TDuct_epithelium","TPancreatic_tissue",8,0.112676056338028,0,0.906751827453477
"265","MFGE8","ITGAV","Human","TDuct_epithelium","TPancreatic_tissue",5,0.0704225352112676,0.433,0.682778707215343
"267","FBN1","ITGAV","Human","TDuct_epithelium","TPancreatic_tissue",3,0.0422535211267606,0.238,0.791527348840043
"268","AZGP1","ITGAV","Human","TDuct_epithelium","TPancreatic_tissue",3,0.0422535211267606,0.148,0.836966811083252
"269","ADAM9","ITGAV","Human","TDuct_epithelium","TPancreatic_tissue",1,0.0140845070422535,0.551,0.607591388672526
"270","VEGFA","ITGAV","Human","TDuct_epithelium","TPancreatic_tissue",6,0.0845070422535211,0.001,0.906298338139064
"271","ADAM15","ITGAV","Human","TDuct_epithelium","TPancreatic_tissue",16,0.225352112676056,0,0.906751827453477
"272","COL1A2","ITGAV","Human","TDuct_epithelium","TPancreatic_tissue",8,0.112676056338028,0.095,0.862606505490278
"273","COL4A1","ITGAV","Human","TDuct_epithelium","TPancreatic_tissue",1,0.0140845070422535,0.828,0.376056121840235
"274","FN1","ITGAV","Human","TDuct_epithelium","TPancreatic_tissue",6,0.0845070422535211,0.116,0.852539621897865
"275","PDGFB","PDGFRB","Human","TDuct_epithelium","TPancreatic_tissue",3,0.0422535211267606,0.053,0.972422342835529
"276","MFGE8","PDGFRB","Human","TDuct_epithelium","TPancreatic_tissue",4,0.0563380281690141,0.89,0.33141814480892
"2771","PSEN1","NOTCH3","Human","TDuct_epithelium","TPancreatic_tissue",2,0.028169014084507,0.55,0.658280630807152
"278","THBS2","NOTCH3","Human","TDuct_epithelium","TPancreatic_tissue",7,0.0985915492957746,0.387,0.76830747229531
"2791","SCGB3A1","NOTCH3","Human","TDuct_epithelium","TPancreatic_tissue",29,0.408450704225352,0,0.98130682583749
"280","JAG2","NOTCH3","Human","TDuct_epithelium","TPancreatic_tissue",6,0.0845070422535211,0.007,0.977866220313496
"2821","BMP2","GPC1","Human","TDuct_epithelium","TPancreatic_tissue",1,0.0140845070422535,0.583,0.553974619157233
"2831","APP","GPC1","Human","TDuct_epithelium","TPancreatic_tissue",17,0.23943661971831,0.01,0.85357057911695
"2841","COL18A1","GPC1","Human","TDuct_epithelium","TPancreatic_tissue",17,0.23943661971831,0.025,0.847079453893064
"2851","VEGFA","GPC1","Human","TDuct_epithelium","TPancreatic_tissue",9,0.126760563380282,0,0.85787071000524
"288","GNAI2","IGF1R","Human","TDuct_epithelium","TPancreatic_tissue",11,0.154929577464789,0,0.922787132505579
"2891","S100A4","ERBB2","Human","TDuct_epithelium","TPancreatic_tissue",3,0.0422535211267606,0.969,0.176054710514018
"2901","SEMA4D","ERBB2","Human","TDuct_epithelium","TPancreatic_tissue",1,0.0140845070422535,0.611,0.623650971598128
"2911","HLA-A","ERBB2","Human","TDuct_epithelium","TPancreatic_tissue",19,0.267605633802817,0.176,0.907675072273005
"292","HSP90B1","ERBB2","Human","TDuct_epithelium","TPancreatic_tissue",7,0.0985915492957746,0.571,0.654930851050777
"293","HSP90AA1","ERBB2","Human","TDuct_epithelium","TPancreatic_tissue",4,0.0563380281690141,0.759,0.490879984139613
"297","GNAI2","ADRA2A","Human","TDuct_epithelium","TPancreatic_tissue",13,0.183098591549296,0,0.82750650590155
"298","AGT","ADRA2A","Human","TDuct_epithelium","TPancreatic_tissue",8,0.112676056338028,0,0.82750650590155
"299","SAA1","ADRA2A","Human","TDuct_epithelium","TPancreatic_tissue",1,0.0140845070422535,0.443,0.61758823551079
"301","APP","ADRA2A","Human","TDuct_epithelium","TPancreatic_tissue",10,0.140845070422535,0.001,0.827092649158535
"302","CXCL1","ADRA2A","Human","TDuct_epithelium","TPancreatic_tissue",2,0.028169014084507,0.08,0.793716357349804
"303","PPY","ADRA2A","Human","TDuct_epithelium","TPancreatic_tissue",11,0.154929577464789,0.006,0.825020251391162
"304","CXCL16","ADRA2A","Human","TDuct_epithelium","TPancreatic_tissue",1,0.0140845070422535,0.663,0.480381603345991
"305","ANXA1","ADRA2A","Human","TDuct_epithelium","TPancreatic_tissue",1,0.0140845070422535,0.474,0.6001561889248
"306","COL6A1","ITGA1","Human","TDuct_epithelium","TPancreatic_tissue",4,0.0563380281690141,0.094,0.683093037033107
"307","COL5A1","ITGA1","Human","TDuct_epithelium","TPancreatic_tissue",4,0.0563380281690141,0.154,0.660086637456681
"308","COL6A2","ITGA1","Human","TDuct_epithelium","TPancreatic_tissue",6,0.0845070422535211,0.139,0.665912757816239
"309","COL6A3","ITGA1","Human","TDuct_epithelium","TPancreatic_tissue",4,0.0563380281690141,0.286,0.606407921041213
"311","COL1A2","ITGA1","Human","TDuct_epithelium","TPancreatic_tissue",4,0.0563380281690141,0.351,0.578146775812821
"313","FBN1","ITGB6","Human","TDuct_epithelium","TPancreatic_tissue",1,0.0140845070422535,0.723,0.428327792147741
"314","FN1","ITGB6","Human","TDuct_epithelium","TPancreatic_tissue",2,0.028169014084507,0.737,0.417363287239866
"3181","PLAU","ITGA5","Human","TDuct_epithelium","TPancreatic_tissue",2,0.028169014084507,0.694,0.4602322915877
"3191","SPP1","ITGA5","Human","TDuct_epithelium","TPancreatic_tissue",15,0.211267605633803,0.044,0.813477078028862
"3201","FGG","ITGA5","Human","TDuct_epithelium","TPancreatic_tissue",2,0.028169014084507,0.507,0.584170784787287
"3211","FGA","ITGA5","Human","TDuct_epithelium","TPancreatic_tissue",8,0.112676056338028,0.009,0.828234278923899
"3231","FBN1","ITGA5","Human","TDuct_epithelium","TPancreatic_tissue",2,0.028169014084507,0.776,0.393767966650141
"3241","COL18A1","ITGA5","Human","TDuct_epithelium","TPancreatic_tissue",12,0.169014084507042,0.234,0.728166606888482
"3251","ADAM15","ITGA5","Human","TDuct_epithelium","TPancreatic_tissue",10,0.140845070422535,0.014,0.826142246588316
"3261","FN1","ITGA5","Human","TDuct_epithelium","TPancreatic_tissue",3,0.0422535211267606,0.926,0.226324846098954
"330","PLAU","ITGB5","Human","TDuct_epithelium","TPancreatic_tissue",2,0.028169014084507,0.518,0.556987153531582
"331","SPP1","ITGB5","Human","TDuct_epithelium","TPancreatic_tissue",21,0.295774647887324,0,0.802272044897032
"332","TLN1","ITGB5","Human","TDuct_epithelium","TPancreatic_tissue",9,0.126760563380282,0.002,0.801469371314474
"333","COL4A2","ITGB5","Human","TDuct_epithelium","TPancreatic_tissue",16,0.225352112676056,0.003,0.801067732917258
"334","ADAM9","ITGB5","Human","TDuct_epithelium","TPancreatic_tissue",2,0.028169014084507,0.256,0.692003239091631
"335","COL18A1","ITGB5","Human","TDuct_epithelium","TPancreatic_tissue",13,0.183098591549296,0.024,0.792586313032661
"336","LTBP3","ITGB5","Human","TDuct_epithelium","TPancreatic_tissue",12,0.169014084507042,0.013,0.797040217542981
"337","LTBP1","ITGB5","Human","TDuct_epithelium","TPancreatic_tissue",2,0.028169014084507,0.31,0.666417211269377
"338","LAMC3","ITGA2","Human","TDuct_epithelium","TPancreatic_tissue",1,0.0140845070422535,0.384,0.689580068609741
"339","COL6A1","ITGA2","Human","TDuct_epithelium","TPancreatic_tissue",6,0.0845070422535211,0.025,0.867554270775388
"340","COL6A2","ITGA2","Human","TDuct_epithelium","TPancreatic_tissue",7,0.0985915492957746,0.13,0.81950945870503
"341","MMP1","ITGA2","Human","TDuct_epithelium","TPancreatic_tissue",15,0.211267605633803,0,0.878606363095799
"342","HSPG2","ITGA2","Human","TDuct_epithelium","TPancreatic_tissue",10,0.140845070422535,0.036,0.862646493174707
"343","LAMB3","ITGA2","Human","TDuct_epithelium","TPancreatic_tissue",3,0.0422535211267606,0.51,0.615024454167059
"344","COL1A2","ITGA2","Human","TDuct_epithelium","TPancreatic_tissue",7,0.0985915492957746,0.081,0.842271488790497
"345","COL4A1","ITGA2","Human","TDuct_epithelium","TPancreatic_tissue",1,0.0140845070422535,0.728,0.458225017241639
"346","FN1","ITGA2","Human","TDuct_epithelium","TPancreatic_tissue",4,0.0563380281690141,0.243,0.764438028844214
"347","COL7A1","ITGA2","Human","TDuct_epithelium","TPancreatic_tissue",2,0.028169014084507,0.353,0.706718539733648
"348","COL3A1","ITGA2","Human","TDuct_epithelium","TPancreatic_tissue",6,0.0845070422535211,0.153,0.808604305366812
"349","GAS6","AXL","Human","TDuct_epithelium","TPancreatic_tissue",10,0.140845070422535,0.057,0.96984046490549
"350","INS","INSR","Human","TDuct_epithelium","TPancreatic_tissue",1,0.0140845070422535,0.874,0.32931513763135
"351","ARF1","INSR","Human","TDuct_epithelium","TPancreatic_tissue",1,0.0140845070422535,0.886,0.31324117724739
"352","HRAS","INSR","Human","TDuct_epithelium","TPancreatic_tissue",7,0.0985915492957746,0,0.927740299052141
"353","CALM1","INSR","Human","TDuct_epithelium","TPancreatic_tissue",9,0.126760563380282,0.002,0.926812094418489
"354","PLAU","MRC2","Human","TDuct_epithelium","TPancreatic_tissue",3,0.0422535211267606,0.228,0.857547214972399
"355","LGALS9","MRC2","Human","TDuct_epithelium","TPancreatic_tissue",10,0.140845070422535,0.001,0.975510918798765
"356","CALM1","AQP1","Human","TDuct_epithelium","TPancreatic_tissue",9,0.126760563380282,0.059,0.687266280779772
"359","GNAS","VIPR1","Human","TDuct_epithelium","TPancreatic_tissue",6,0.0845070422535211,0.001,0.819492318620628
"360","PTMA","VIPR1","Human","TDuct_epithelium","TPancreatic_tissue",9,0.126760563380282,0,0.819902372345873
"361","CALM1","VIPR1","Human","TDuct_epithelium","TPancreatic_tissue",4,0.0563380281690141,0.012,0.814968110649889
"3641","SEMA4D","PLXNB1","Human","TDuct_epithelium","TPancreatic_tissue",1,0.0140845070422535,0.656,0.458120575250417
"365","SEMA4A","PLXNB1","Human","TDuct_epithelium","TPancreatic_tissue",1,0.0140845070422535,0.73,0.405865800782789
"370","MDK","SDC4","Human","TDuct_epithelium","TPancreatic_tissue",2,0.028169014084507,0.999,0.026185700104885
"371","ALOX5AP","ALOX5","Human","TDuct_epithelium","TPancreatic_tissue",1,0.0140845070422535,0.337,0.631029276849516
"373","SPTBN2","PTPRA","Human","TDuct_epithelium","TPancreatic_tissue",2,0.028169014084507,0.214,0.884028078778796
"375","LAMB2","ITGB1","Human","TDuct_epithelium","TPancreatic_tissue",3,0.0422535211267606,0.389,0.694237884701092
"376","MDK","ITGB1","Human","TDuct_epithelium","TPancreatic_tissue",1,0.0140845070422535,0.899,0.282259385229054
"377","ADAM9","ITGB1","Human","TDuct_epithelium","TPancreatic_tissue",1,0.0140845070422535,0.478,0.641686578803259
"378","VEGFA","ITGB1","Human","TDuct_epithelium","TPancreatic_tissue",4,0.0563380281690141,0.02,0.87922644521714
"379","SPON2","ITGB2","Human","TDuct_epithelium","TPancreatic_tissue",1,0.0140845070422535,0.824,0.390916728549184
"382","ADAM9","ITGA6","Human","TDuct_epithelium","TPancreatic_tissue",2,0.028169014084507,0.058,0.698808142019698
"3831","VIM","CD44","Human","TDuct_epithelium","TPancreatic_tissue",6,0.0845070422535211,0.148,0.815623340021768
"3841","SEMA4D","PLXNB2","Human","TDuct_epithelium","TPancreatic_tissue",4,0.0563380281690141,0.069,0.784833527594911
"42","GRN","TNFRSF1A","Human","TStroma","TDuct_epithelium",127,0.2981220657277,0.938,0.177911364546791
"91","EFNB1","ERBB2","Human","TStroma","TDuct_epithelium",8,0.0187793427230047,0.999,0.0257527970264315
"452","HBEGF","ERBB2","Human","TStroma","TDuct_epithelium",5,0.0117370892018779,0.999,0.0257527970264315
"702","JAG1","NOTCH3","Human","TStroma","TDuct_epithelium",16,0.0375586854460094,0.947,0.168416988331215
"802","MMP7","SDC1","Human","TStroma","TDuct_epithelium",58,0.136150234741784,0.262,0.643636953585082
"841","THBS1","SDC4","Human","TStroma","TDuct_epithelium",19,0.0446009389671361,0.986,0.084020822223322
"96","CDH1","ERBB3","Human","TStroma","TDuct_epithelium",14,0.0328638497652582,0.574,0.65165566988192
"98","CDH1","PTPRF","Human","TStroma","TDuct_epithelium",11,0.0258215962441315,0.533,0.509664983580239
"1081","NID1","PTPRF","Human","TStroma","TDuct_epithelium",12,0.028169014084507,0.087,0.712626133815026
"1822","TGM2","SDC4","Human","TStroma","TDuct_epithelium",70,0.164319248826291,0.996,0.0449110185878161
"1901","ADAM12","SDC4","Human","TStroma","TDuct_epithelium",14,0.0328638497652582,0.231,0.622710343010232
"2341","CALM1","SCTR","Human","TStroma","TDuct_epithelium",21,0.0492957746478873,0.885,0.249665667558613
"2382","LTB","TNFRSF1A","Human","TStroma","TDuct_epithelium",30,0.0704225352112676,0.001,0.714151890201577
"2781","THBS2","NOTCH3","Human","TStroma","TDuct_epithelium",27,0.0633802816901408,0.958,0.149924499379948
"2792","SCGB3A1","NOTCH3","Human","TStroma","TDuct_epithelium",22,0.0516431924882629,0.955,0.155186600285619
"2801","JAG2","NOTCH3","Human","TStroma","TDuct_epithelium",6,0.0140845070422535,0.939,0.180681163957134
"2892","S100A4","ERBB2","Human","TStroma","TDuct_epithelium",26,0.0610328638497653,0.99,0.0814374947235351
"2902","SEMA4D","ERBB2","Human","TStroma","TDuct_epithelium",3,0.00704225352112676,0.924,0.22450767950346
"2921","HSP90B1","ERBB2","Human","TStroma","TDuct_epithelium",35,0.0821596244131455,0.907,0.248350980641643
"2931","HSP90AA1","ERBB2","Human","TStroma","TDuct_epithelium",20,0.0469483568075117,0.989,0.0854123650388537
"3642","SEMA4D","PLXNB1","Human","TStroma","TDuct_epithelium",8,0.0187793427230047,0.368,0.567801131982079
"3651","SEMA4A","PLXNB1","Human","TStroma","TDuct_epithelium",3,0.00704225352112676,0.98,0.101007288476231
"3701","MDK","SDC4","Human","TStroma","TDuct_epithelium",43,0.10093896713615,0.993,0.0594116931549804
"374","MDK","SDC1","Human","TStroma","TDuct_epithelium",42,0.0985915492957746,0.985,0.0917610594584251
"13","SEMA3F","PLXNA3","Human","TStroma","TCancer_region",1,0.0029673590504451,0.996,0.0471375513969357
"121","VCL","ITGB5","Human","TStroma","TCancer_region",1,0.0029673590504451,0.999,0.0227747949702777
"186","TGFB1","SMAD3","Human","TStroma","TCancer_region",6,0.0178041543026706,0.933,0.201771739903553
"3010","LAMB1","ITGA2","Human","TStroma","TCancer_region",6,0.0178041543026706,0.652,0.426368372526182
"3310","SERPINE1","ITGB5","Human","TStroma","TCancer_region",3,0.00890207715133531,0.982,0.0966252717816999
"3411","COL1A1","ITGA5","Human","TStroma","TCancer_region",35,0.103857566765579,0.999,0.0237884335111372
"391","COL1A1","ITGA11","Human","TStroma","TCancer_region",34,0.100890207715134,0.708,0.393899435843311
"401","COL1A1","ITGA2","Human","TStroma","TCancer_region",21,0.0623145400593472,0.816,0.310030393359325
"492","FGF23","FGFR3","Human","TStroma","TCancer_region",2,0.00593471810089021,0.996,0.0449621970129484
"552","INHBA","SMAD3","Human","TStroma","TCancer_region",6,0.0178041543026706,0.202,0.696344874550112
"61","APOE","LRP5","Human","TStroma","TCancer_region",13,0.0385756676557863,0.869,0.325995947689419
"88","ADAM10","CD44","Human","TStroma","TCancer_region",1,0.0029673590504451,0.955,0.152424539578093
"92","ADAM10","AXL","Human","TStroma","TCancer_region",3,0.00890207715133531,0.877,0.252730531786124
"1061","LAMC2","ITGA2","Human","TStroma","TCancer_region",30,0.0890207715133531,0.006,0.720590532803306
"1112","VCAN","CD44","Human","TStroma","TCancer_region",9,0.0267062314540059,0.925,0.196779234446429
"1131","TIMP3","CD44","Human","TStroma","TCancer_region",3,0.00890207715133531,0.947,0.165419448948992
"1371","COL1A2","ITGA11","Human","TStroma","TCancer_region",20,0.0593471810089021,0.901,0.229356752308466
"138","COL14A1","CD44","Human","TStroma","TCancer_region",1,0.0029673590504451,0.995,0.0508081798593643
"1482","SEMA4C","PLXNB2","Human","TStroma","TCancer_region",6,0.0178041543026706,0.889,0.249967075633622
"1491","HAS2","CD44","Human","TStroma","TCancer_region",6,0.0178041543026706,0.233,0.629283459953731
"1511","GNAI2","EDNRA","Human","TStroma","TCancer_region",15,0.0445103857566766,0.304,0.603354980559946
"1532","AGTRAP","RACK1","Human","TStroma","TCancer_region",40,0.118694362017804,0.955,0.209928667798595
"1542","PKM","CD44","Human","TStroma","TCancer_region",25,0.0741839762611276,0.96,0.143707234073209
"1551","MMP1","CD44","Human","TStroma","TCancer_region",18,0.0534124629080119,0.999,0.0227221087957148
"1871","SEMA4A","PLXNB2","Human","TStroma","TCancer_region",2,0.00593471810089021,0.998,0.0335533832831296
"2102","LGALS9","CD44","Human","TStroma","TCancer_region",8,0.0237388724035608,0.965,0.134425808475719
"2152","PLAU","ITGA3","Human","TStroma","TCancer_region",6,0.0178041543026706,0.999,0.0230068758431822
"216","LAMA4","ITGA3","Human","TStroma","TCancer_region",9,0.0267062314540059,0.255,0.627965500937259
"2172","LGALS8","ITGA3","Human","TStroma","TCancer_region",5,0.0148367952522255,0.832,0.298203193240255
"2212","CALR","ITGA3","Human","TStroma","TCancer_region",75,0.222551928783383,0.922,0.20319122572828
"2272","LAMB3","ITGA3","Human","TStroma","TCancer_region",49,0.14540059347181,0.258,0.626699865453306
"2291","LAMB1","ITGA3","Human","TStroma","TCancer_region",16,0.0474777448071217,0.932,0.189719558433823
"2302","LAMC2","ITGA3","Human","TStroma","TCancer_region",80,0.237388724035608,0.004,0.726084754501392
"2432","LAMB3","ITGB4","Human","TStroma","TCancer_region",62,0.183976261127596,0.145,0.673299517452952
"2441","LAMB1","ITGB4","Human","TStroma","TCancer_region",16,0.0474777448071217,0.989,0.0763697885998831
"2452","LAMC2","ITGB4","Human","TStroma","TCancer_region",93,0.275964391691395,0.012,0.723775233534765
"2822","BMP2","GPC1","Human","TStroma","TCancer_region",1,0.0029673590504451,0.987,0.0845772523591601
"2832","APP","GPC1","Human","TStroma","TCancer_region",37,0.109792284866469,0.952,0.162518391290151
"2852","VEGFA","GPC1","Human","TStroma","TCancer_region",6,0.0178041543026706,0.984,0.0938300369596337
"2903","SEMA4D","ERBB2","Human","TStroma","TCancer_region",1,0.0029673590504451,0.993,0.0634570738737574
"2912","HLA-A","ERBB2","Human","TStroma","TCancer_region",54,0.160237388724036,0.997,0.0415424063438425
"2922","HSP90B1","ERBB2","Human","TStroma","TCancer_region",23,0.0682492581602374,0.985,0.0928916445337504
"3182","PLAU","ITGA5","Human","TStroma","TCancer_region",7,0.0207715133531157,0.915,0.219318520325286
"3192","SPP1","ITGA5","Human","TStroma","TCancer_region",37,0.109792284866469,0.937,0.188814837450792
"3212","FGA","ITGA5","Human","TStroma","TCancer_region",4,0.0118694362017804,0.999,0.0237884335111372
"3221","FGB","ITGA5","Human","TStroma","TCancer_region",5,0.0148367952522255,0.873,0.268082030826484
"3232","FBN1","ITGA5","Human","TStroma","TCancer_region",10,0.029673590504451,0.859,0.282471997226
"3252","ADAM15","ITGA5","Human","TStroma","TCancer_region",12,0.0356083086053412,0.996,0.0475768670222745
"327","WNT7B","LRP5","Human","TStroma","TCancer_region",5,0.0148367952522255,0.604,0.566792567656461
"3311","SPP1","ITGB5","Human","TStroma","TCancer_region",24,0.0712166172106825,0.964,0.136648769821666
"3321","TLN1","ITGB5","Human","TStroma","TCancer_region",6,0.0178041543026706,0.996,0.0455495899405554
"3331","COL4A2","ITGB5","Human","TStroma","TCancer_region",18,0.0534124629080119,0.998,0.0322084239272333
"3361","LTBP3","ITGB5","Human","TStroma","TCancer_region",15,0.0445103857566766,0.998,0.0322084239272333
"3391","COL6A1","ITGA2","Human","TStroma","TCancer_region",7,0.0207715133531157,0.886,0.244032565404627
"3401","COL6A2","ITGA2","Human","TStroma","TCancer_region",9,0.0267062314540059,0.995,0.0511069968850884
"3412","MMP1","ITGA2","Human","TStroma","TCancer_region",23,0.0682492581602374,0.624,0.443189316006213
"3421","HSPG2","ITGA2","Human","TStroma","TCancer_region",25,0.0741839762611276,0.471,0.525682108140267
"3431","LAMB3","ITGA2","Human","TStroma","TCancer_region",20,0.0593471810089021,0.061,0.700371001347868
"3441","COL1A2","ITGA2","Human","TStroma","TCancer_region",15,0.0445103857566766,0.759,0.354816560063816
"3461","FN1","ITGA2","Human","TStroma","TCancer_region",4,0.0118694362017804,0.997,0.0395873095621244
"3471","COL7A1","ITGA2","Human","TStroma","TCancer_region",9,0.0267062314540059,0.171,0.658070806718807
"3481","COL3A1","ITGA2","Human","TStroma","TCancer_region",7,0.0207715133531157,0.995,0.0511069968850884
"3702","MDK","SDC4","Human","TStroma","TCancer_region",27,0.0801186943620178,0.999,0.0234801756462386
"3842","SEMA4D","PLXNB2","Human","TStroma","TCancer_region",5,0.0148367952522255,0.892,0.246566004563095
"116","SEMA3F","PLXNA3","Human","TStroma","TPancreatic_tissue",14,0.0469798657718121,0.004,0.800466100513548
"46","GRN","TNFRSF1A","Human","TStroma","TPancreatic_tissue",74,0.248322147651007,0.999,0.0316029102708099
"66","ICAM3","ITGB2","Human","TStroma","TPancreatic_tissue",11,0.0369127516778524,0,0.964259529657291
"73","EFNB1","EPHB6","Human","TStroma","TPancreatic_tissue",18,0.0604026845637584,0,0.815299082720515
"87","EFNB1","EPHB4","Human","TStroma","TPancreatic_tissue",24,0.0805369127516778,0,0.808034749568093
"93","EFNB1","ERBB2","Human","TStroma","TPancreatic_tissue",27,0.0906040268456376,0.001,0.999498419153914
"119","SEMA4G","PLXNB2","Human","TStroma","TPancreatic_tissue",26,0.087248322147651,0.004,0.947933783542669
"1210","VCL","ITGB5","Human","TStroma","TPancreatic_tissue",17,0.0570469798657718,0,0.803347035481647
"1310","EFNA2","EPHA2","Human","TStroma","TPancreatic_tissue",9,0.0302013422818792,0.002,0.997439483734125
"1410","LGALS1","ITGB1","Human","TStroma","TPancreatic_tissue",25,0.0838926174496644,0.032,0.937552217072045
"152","MMP2","PECAM1","Human","TStroma","TPancreatic_tissue",49,0.164429530201342,0,0.972511064536746
"1610","MMP2","FGFR1","Human","TStroma","TPancreatic_tissue",52,0.174496644295302,0,0.999688687782228
"1710","PLAT","ITGB2","Human","TStroma","TPancreatic_tissue",19,0.063758389261745,0,0.964259529657291
"1810","TGFB1","SMAD3","Human","TStroma","TPancreatic_tissue",16,0.0536912751677852,0.02,0.973071533746736
"1910","TGFB1","ITGB6","Human","TStroma","TPancreatic_tissue",9,0.0302013422818792,0.523,0.565299434641082
"2010","TGFB1","ITGAV","Human","TStroma","TPancreatic_tissue",30,0.100671140939597,0,0.999332196068698
"2110","TGFB1","ITGB1","Human","TStroma","TPancreatic_tissue",16,0.0536912751677852,0.008,0.949103604092001
"2210","TGFB1","CXCR4","Human","TStroma","TPancreatic_tissue",14,0.0469798657718121,0.001,0.982688687787353
"235","TGFB1","ITGB5","Human","TStroma","TPancreatic_tissue",30,0.100671140939597,0,0.803347035481647
"248","COMP","ITGB1","Human","TStroma","TPancreatic_tissue",22,0.0738255033557047,0,0.95292294992215
"2610","LAMB1","ITGAV","Human","TStroma","TPancreatic_tissue",20,0.0671140939597315,0,0.999332196068698
"2710","LAMB1","ITGB1","Human","TStroma","TPancreatic_tissue",12,0.0402684563758389,0.019,0.943826767827155
"281","LAMB1","ITGA6","Human","TStroma","TPancreatic_tissue",10,0.0335570469798658,0.014,0.799633036348168
"294","LAMB1","ITGA1","Human","TStroma","TPancreatic_tissue",9,0.0302013422818792,0.052,0.714298148308712
"3011","LAMB1","ITGA2","Human","TStroma","TPancreatic_tissue",6,0.0201342281879195,0.53,0.508462809201051
"316","PDAP1","PDGFRB","Human","TStroma","TPancreatic_tissue",26,0.087248322147651,0,0.999849992042037
"328","SERPINE1","ITGAV","Human","TStroma","TPancreatic_tissue",4,0.0134228187919463,0.78,0.468728348173958
"3312","SERPINE1","ITGB5","Human","TStroma","TPancreatic_tissue",5,0.0167785234899329,0.823,0.337979087099832
"3413","COL1A1","ITGA5","Human","TStroma","TPancreatic_tissue",47,0.157718120805369,0.552,0.571934117675106
"357","COL1A1","ITGA1","Human","TStroma","TPancreatic_tissue",23,0.0771812080536913,0.136,0.681918113952278
"362","COL1A1","CD44","Human","TStroma","TPancreatic_tissue",61,0.204697986577181,0,0.9118204551982
"372","COL1A1","ITGAV","Human","TStroma","TPancreatic_tissue",52,0.174496644295302,0,0.999332196068698
"381","COL1A1","ITGB1","Human","TStroma","TPancreatic_tissue",29,0.0973154362416107,0.049,0.929283112518679
"402","COL1A1","ITGA2","Human","TStroma","TPancreatic_tissue",20,0.0671140939597315,0.695,0.409600221918289
"411","LAMA4","ITGA6","Human","TStroma","TPancreatic_tissue",10,0.0335570469798658,0,0.805289934822962
"421","LAMA4","ITGAV","Human","TStroma","TPancreatic_tissue",17,0.0570469798657718,0,0.999332196068698
"43","LAMA4","ITGB1","Human","TStroma","TPancreatic_tissue",11,0.0369127516778524,0,0.95292294992215
"441","HBEGF","CD44","Human","TStroma","TPancreatic_tissue",16,0.0536912751677852,0,0.9118204551982
"453","HBEGF","ERBB2","Human","TStroma","TPancreatic_tissue",15,0.0503355704697987,0.067,0.965917844410494
"471","FGF23","FGFR4","Human","TStroma","TPancreatic_tissue",19,0.063758389261745,0,0.9998300238067
"481","FGF23","FGFR1","Human","TStroma","TPancreatic_tissue",27,0.0906040268456376,0,0.999688687782228
"493","FGF23","FGFR3","Human","TStroma","TPancreatic_tissue",25,0.0838926174496644,0,0.999664224443979
"501","TGFB3","ITGB1","Human","TStroma","TPancreatic_tissue",8,0.0268456375838926,0.005,0.950537657195069
"511","TGFB3","ITGB6","Human","TStroma","TPancreatic_tissue",4,0.0134228187919463,0.324,0.672965359232176
"521","TGFB3","ITGB5","Human","TStroma","TPancreatic_tissue",12,0.0402684563758389,0.004,0.801738731495169
"531","TNFSF10","RIPK1","Human","TStroma","TPancreatic_tissue",15,0.0503355704697987,0,0.801780862463315
"553","INHBA","SMAD3","Human","TStroma","TPancreatic_tissue",4,0.0134228187919463,0.472,0.714247438094584
"571","C3","ITGAX","Human","TStroma","TPancreatic_tissue",36,0.120805369127517,0,0.850728343790756
"581","C3","ADRA2A","Human","TStroma","TPancreatic_tissue",56,0.187919463087248,0,0.839536769877438
"591","C3","ITGB2","Human","TStroma","TPancreatic_tissue",38,0.12751677852349,0,0.964259529657291
"60","LIF","IL6ST","Human","TStroma","TPancreatic_tissue",11,0.0369127516778524,0,0.999999986374151
"611","APOE","LRP5","Human","TStroma","TPancreatic_tissue",19,0.063758389261745,0.154,0.891793442378321
"622","LAMA5","SDC1","Human","TStroma","TPancreatic_tissue",24,0.0805369127516778,0.005,0.968899520945765
"631","LAMA5","ITGA6","Human","TStroma","TPancreatic_tissue",11,0.0369127516778524,0,0.805289934822962
"641","LAMA5","ITGB1","Human","TStroma","TPancreatic_tissue",8,0.0268456375838926,0.01,0.94814636370312
"651","LAMA5","ITGA2","Human","TStroma","TPancreatic_tissue",7,0.023489932885906,0.035,0.72857442171405
"691","JAG1","NOTCH2","Human","TStroma","TPancreatic_tissue",11,0.0369127516778524,0.006,0.992769615482254
"703","JAG1","NOTCH3","Human","TStroma","TPancreatic_tissue",20,0.0671140939597315,0.156,0.917295126703754
"711","LAMC1","ITGA6","Human","TStroma","TPancreatic_tissue",17,0.0570469798657718,0,0.805289934822962
"721","LAMC1","ITGA1","Human","TStroma","TPancreatic_tissue",10,0.0335570469798658,0,0.733627083003985
"741","LAMC1","ITGAV","Human","TStroma","TPancreatic_tissue",26,0.087248322147651,0,0.999332196068698
"751","LAMC1","ITGB1","Human","TStroma","TPancreatic_tissue",15,0.0503355704697987,0,0.95292294992215
"761","LAMC1","ITGA2","Human","TStroma","TPancreatic_tissue",8,0.0268456375838926,0.004,0.740184408631665
"771","IL1RN","IL1R1","Human","TStroma","TPancreatic_tissue",17,0.0570469798657718,0,0.992026749293564
"781","CCL21","ADRA2A","Human","TStroma","TPancreatic_tissue",17,0.0570469798657718,0,0.839536769877438
"791","MMP7","CD44","Human","TStroma","TPancreatic_tissue",60,0.201342281879195,0,0.9118204551982
"803","MMP7","SDC1","Human","TStroma","TPancreatic_tissue",77,0.258389261744966,0,0.971330891195108
"811","THBS1","SDC1","Human","TStroma","TPancreatic_tissue",40,0.134228187919463,0,0.971330891195108
"821","THBS1","ITGB1","Human","TStroma","TPancreatic_tissue",17,0.0570469798657718,0,0.95292294992215
"83","THBS1","LRP5","Human","TStroma","TPancreatic_tissue",17,0.0570469798657718,0,0.96956982971391
"842","THBS1","SDC4","Human","TStroma","TPancreatic_tissue",38,0.12751677852349,0,0.877582740887246
"851","THBS1","ITGA6","Human","TStroma","TPancreatic_tissue",18,0.0604026845637584,0,0.805289934822962
"86","ADAM10","GPNMB","Human","TStroma","TPancreatic_tissue",19,0.063758389261745,0,1
"881","ADAM10","CD44","Human","TStroma","TPancreatic_tissue",27,0.0906040268456376,0,0.9118204551982
"89","ADAM10","TSPAN14","Human","TStroma","TPancreatic_tissue",19,0.063758389261745,0,0.731080383782447
"921","ADAM10","AXL","Human","TStroma","TPancreatic_tissue",31,0.104026845637584,0,0.999204090389259
"94","CDH1","LRP5","Human","TStroma","TPancreatic_tissue",10,0.0335570469798658,0.014,0.962758918694488
"95","CDH1","IGF1R","Human","TStroma","TPancreatic_tissue",13,0.0436241610738255,0,0.99679166141061
"961","CDH1","ERBB3","Human","TStroma","TPancreatic_tissue",17,0.0570469798657718,0.026,0.986914383007003
"97","CDH1","PTPRM","Human","TStroma","TPancreatic_tissue",12,0.0402684563758389,0,0.892735089853924
"981","CDH1","PTPRF","Human","TStroma","TPancreatic_tissue",31,0.104026845637584,0,0.998388623537898
"991","SEMA7A","ITGB1","Human","TStroma","TPancreatic_tissue",8,0.0268456375838926,0.001,0.952446369272225
"1001","SEMA7A","ITGA1","Human","TStroma","TPancreatic_tissue",5,0.0167785234899329,0.05,0.715051230382194
"1012","TIMP2","CD44","Human","TStroma","TPancreatic_tissue",60,0.201342281879195,0,0.9118204551982
"1021","TIMP2","ITGB1","Human","TStroma","TPancreatic_tissue",29,0.0973154362416107,0.004,0.951015194355158
"1031","LGALS3BP","ITGB1","Human","TStroma","TPancreatic_tissue",29,0.0973154362416107,0.187,0.859217392003336
"1041","LAMC2","ITGA6","Human","TStroma","TPancreatic_tissue",17,0.0570469798657718,0.03,0.793118605728901
"1051","LAMC2","ITGB1","Human","TStroma","TPancreatic_tissue",18,0.0604026845637584,0.295,0.800114875929872
"1062","LAMC2","ITGA2","Human","TStroma","TPancreatic_tissue",14,0.0469798657718121,0.753,0.36860289362914
"1071","NID1","ITGB1","Human","TStroma","TPancreatic_tissue",13,0.0436241610738255,0,0.95292294992215
"1082","NID1","PTPRF","Human","TStroma","TPancreatic_tissue",39,0.130872483221477,0,0.998388623537898
"1091","ICAM1","ITGAX","Human","TStroma","TPancreatic_tissue",11,0.0369127516778524,0.015,0.844323773326932
"1101","ICAM1","ITGB2","Human","TStroma","TPancreatic_tissue",9,0.0302013422818792,0.007,0.960878694451675
"1113","VCAN","CD44","Human","TStroma","TPancreatic_tissue",31,0.104026845637584,0,0.9118204551982
"1121","VCAN","ITGB1","Human","TStroma","TPancreatic_tissue",16,0.0536912751677852,0.007,0.949581862426255
"1132","TIMP3","CD44","Human","TStroma","TPancreatic_tissue",22,0.0738255033557047,0,0.9118204551982
"1151","LUM","ITGB1","Human","TStroma","TPancreatic_tissue",22,0.0738255033557047,0,0.95292294992215
"1171","CALM2","INSR","Human","TStroma","TPancreatic_tissue",49,0.164429530201342,0,0.956472658799029
"1181","CALM2","AQP1","Human","TStroma","TPancreatic_tissue",59,0.197986577181208,0,0.708936981301485
"1211","APP","NCSTN","Human","TStroma","TPancreatic_tissue",36,0.120805369127517,0,0.730285713763352
"1221","CALM3","INSR","Human","TStroma","TPancreatic_tissue",39,0.130872483221477,0,0.956472658799029
"1231","CALM3","AQP1","Human","TStroma","TPancreatic_tissue",54,0.181208053691275,0,0.708936981301485
"1241","TNFSF12","TNFRSF12A","Human","TStroma","TPancreatic_tissue",22,0.0738255033557047,0,0.924874053714787
"1251","FGF19","FGFR1","Human","TStroma","TPancreatic_tissue",27,0.0906040268456376,0,0.999688687782228
"1262","FGF19","FGFR3","Human","TStroma","TPancreatic_tissue",30,0.100671140939597,0,0.999664224443979
"127","VCAM1","ITGB1","Human","TStroma","TPancreatic_tissue",13,0.0436241610738255,0,0.95292294992215
"128","VCAM1","ITGB2","Human","TStroma","TPancreatic_tissue",12,0.0402684563758389,0,0.964259529657291
"1291","VCAM1","EZR","Human","TStroma","TPancreatic_tissue",40,0.134228187919463,0,0.803494195014648
"1311","COL6A3","ITGB1","Human","TStroma","TPancreatic_tissue",27,0.0906040268456376,0,0.95292294992215
"1321","COL6A3","ITGA2","Human","TStroma","TPancreatic_tissue",19,0.063758389261745,0.087,0.708672617562551
"1331","LIPH","LPAR4","Human","TStroma","TPancreatic_tissue",17,0.0570469798657718,0.004,0.785812230405683
"1352","COL1A2","CD44","Human","TStroma","TPancreatic_tissue",57,0.191275167785235,0,0.9118204551982
"1361","COL1A2","ITGB1","Human","TStroma","TPancreatic_tissue",29,0.0973154362416107,0,0.95292294992215
"1381","COL14A1","CD44","Human","TStroma","TPancreatic_tissue",23,0.0771812080536913,0,0.9118204551982
"1391","COL6A2","ITGB1","Human","TStroma","TPancreatic_tissue",28,0.0939597315436242,0.003,0.951492491847869
"1401","CD14","ITGB1","Human","TStroma","TPancreatic_tissue",25,0.0838926174496644,0,0.95292294992215
"1411","CD14","ITGB2","Human","TStroma","TPancreatic_tissue",23,0.0771812080536913,0,0.964259529657291
"1421","COL3A1","ITGB1","Human","TStroma","TPancreatic_tissue",30,0.100671140939597,0,0.95292294992215
"143","FGB","ITGB1","Human","TStroma","TPancreatic_tissue",16,0.0536912751677852,0,0.95292294992215
"144","FGB","ITGB2","Human","TStroma","TPancreatic_tissue",13,0.0436241610738255,0,0.964259529657291
"1451","FGA","ITGAX","Human","TStroma","TPancreatic_tissue",20,0.0671140939597315,0,0.850728343790756
"1461","FGA","ITGB1","Human","TStroma","TPancreatic_tissue",20,0.0671140939597315,0,0.95292294992215
"1471","FGA","ITGB2","Human","TStroma","TPancreatic_tissue",16,0.0536912751677852,0,0.964259529657291
"1483","SEMA4C","PLXNB2","Human","TStroma","TPancreatic_tissue",12,0.0402684563758389,0.113,0.894561374327869
"1492","HAS2","CD44","Human","TStroma","TPancreatic_tissue",13,0.0436241610738255,0,0.9118204551982
"1501","EFEMP2","AQP1","Human","TStroma","TPancreatic_tissue",73,0.24496644295302,0,0.708936981301485
"1533","AGTRAP","RACK1","Human","TStroma","TPancreatic_tissue",80,0.268456375838926,0,0.999999796563954
"1543","PKM","CD44","Human","TStroma","TPancreatic_tissue",54,0.181208053691275,0,0.9118204551982
"1552","MMP1","CD44","Human","TStroma","TPancreatic_tissue",70,0.23489932885906,0,0.9118204551982
"1561","FBN1","ITGB1","Human","TStroma","TPancreatic_tissue",14,0.0469798657718121,0,0.95292294992215
"158","PSEN1","CD44","Human","TStroma","TPancreatic_tissue",24,0.0805369127516778,0,0.9118204551982
"161","EFNA5","EPHB6","Human","TStroma","TPancreatic_tissue",11,0.0369127516778524,0,0.815299082720515
"162","EFNA5","EPHA2","Human","TStroma","TPancreatic_tissue",6,0.0201342281879195,0.09,0.952449550827485
"1631","FBLN1","ITGB1","Human","TStroma","TPancreatic_tissue",29,0.0973154362416107,0.004,0.951015194355158
"1641","COL7A1","ITGB1","Human","TStroma","TPancreatic_tissue",6,0.0201342281879195,0.391,0.743646319448563
"1651","HSP90AA1","FGFR3","Human","TStroma","TPancreatic_tissue",54,0.181208053691275,0,0.999664224443979
"1661","FGG","ITGB1","Human","TStroma","TPancreatic_tissue",16,0.0536912751677852,0,0.95292294992215
"167","FGG","ITGB2","Human","TStroma","TPancreatic_tissue",13,0.0436241610738255,0,0.964259529657291
"1681","CXCL14","CXCR4","Human","TStroma","TPancreatic_tissue",14,0.0469798657718121,0,0.983180400946864
"1692","HMGB1","SDC1","Human","TStroma","TPancreatic_tissue",32,0.10738255033557,0.044,0.949721231405051
"1701","HMGB1","CXCR4","Human","TStroma","TPancreatic_tissue",12,0.0402684563758389,0,0.983180400946864
"171","FN1","ITGA6","Human","TStroma","TPancreatic_tissue",21,0.0704697986577181,0,0.805289934822962
"1721","FN1","CD44","Human","TStroma","TPancreatic_tissue",43,0.144295302013423,0,0.9118204551982
"1731","FN1","ITGB1","Human","TStroma","TPancreatic_tissue",21,0.0704697986577181,0.002,0.951969550033695
"1741","COL18A1","ITGB1","Human","TStroma","TPancreatic_tissue",23,0.0771812080536913,0.101,0.903519712840296
"1751","ADAM15","ITGB1","Human","TStroma","TPancreatic_tissue",9,0.0302013422818792,0.49,0.680523104478496
"1761","CALM1","PTPRA","Human","TStroma","TPancreatic_tissue",33,0.110738255033557,0,0.998890684622797
"177","LAMC3","ITGA6","Human","TStroma","TPancreatic_tissue",7,0.023489932885906,0,0.805289934822962
"1781","LAMC3","ITGB1","Human","TStroma","TPancreatic_tissue",6,0.0201342281879195,0.029,0.939003911696949
"1791","COL6A1","ITGB1","Human","TStroma","TPancreatic_tissue",18,0.0604026845637584,0.002,0.951969550033695
"1801","COL6A1","ITGA6","Human","TStroma","TPancreatic_tissue",21,0.0704697986577181,0,0.805289934822962
"1811","TGM2","ITGB1","Human","TStroma","TPancreatic_tissue",24,0.0805369127516778,0.002,0.951969550033695
"1823","TGM2","SDC4","Human","TStroma","TPancreatic_tissue",64,0.214765100671141,0.508,0.615560331579903
"1831","THBS2","ITGB1","Human","TStroma","TPancreatic_tissue",4,0.0134228187919463,0.958,0.195291091032105
"1851","THBS2","ITGA6","Human","TStroma","TPancreatic_tissue",3,0.0100671140939597,0.907,0.245580424217458
"1872","SEMA4A","PLXNB2","Human","TStroma","TPancreatic_tissue",8,0.0268456375838926,0.49,0.678318122618337
"1881","EFNA1","EPHB6","Human","TStroma","TPancreatic_tissue",27,0.0906040268456376,0,0.815299082720515
"189","ADAM12","ITGB1","Human","TStroma","TPancreatic_tissue",6,0.0201342281879195,0.01,0.94814636370312
"1902","ADAM12","SDC4","Human","TStroma","TPancreatic_tissue",13,0.0436241610738255,0.065,0.848582124335332
"191","S100A9","ITGB2","Human","TStroma","TPancreatic_tissue",7,0.023489932885906,0.013,0.957971339241392
"1921","COL5A1","ITGB1","Human","TStroma","TPancreatic_tissue",28,0.0939597315436242,0,0.95292294992215
"1931","CEL","CXCR4","Human","TStroma","TPancreatic_tissue",29,0.0973154362416107,0,0.983180400946864
"1941","SPTAN1","PTPRA","Human","TStroma","TPancreatic_tissue",24,0.0805369127516778,0,0.998890684622797
"1951","PLAU","ITGB1","Human","TStroma","TPancreatic_tissue",6,0.0201342281879195,0.246,0.827453237325351
"1961","PLAU","ITGB2","Human","TStroma","TPancreatic_tissue",4,0.0134228187919463,0.195,0.865150931705326
"1971","COL16A1","ITGB1","Human","TStroma","TPancreatic_tissue",21,0.0704697986577181,0,0.95292294992215
"1981","HSPG2","SDC1","Human","TStroma","TPancreatic_tissue",87,0.291946308724832,0.623,0.596400331129674
"1991","HSPG2","ITGB1","Human","TStroma","TPancreatic_tissue",31,0.104026845637584,0.012,0.94718815591543
"2001","HSPG2","FGFR1","Human","TStroma","TPancreatic_tissue",63,0.211409395973154,0,0.999688687782228
"2011","COL5A2","ITGB1","Human","TStroma","TPancreatic_tissue",8,0.0268456375838926,0.111,0.898480522886349
"2021","COL4A1","ITGB1","Human","TStroma","TPancreatic_tissue",20,0.0671140939597315,0,0.95292294992215
"2031","AGRN","ITGB1","Human","TStroma","TPancreatic_tissue",14,0.0469798657718121,0,0.95292294992215
"2041","ZG16B","CXCR4","Human","TStroma","TPancreatic_tissue",17,0.0570469798657718,0,0.983180400946864
"2051","LAMB3","ITGB1","Human","TStroma","TPancreatic_tissue",14,0.0469798657718121,0.252,0.824154407298337
"2061","LAMB3","ITGA6","Human","TStroma","TPancreatic_tissue",14,0.0469798657718121,0.024,0.795567768344167
"207","AFDN","EPHB6","Human","TStroma","TPancreatic_tissue",22,0.0738255033557047,0,0.815299082720515
"2082","SPP1","CD44","Human","TStroma","TPancreatic_tissue",63,0.211409395973154,0,0.9118204551982
"2091","SPP1","ITGB1","Human","TStroma","TPancreatic_tissue",23,0.0771812080536913,0.118,0.894936207205133
"2103","LGALS9","CD44","Human","TStroma","TPancreatic_tissue",37,0.124161073825503,0,0.9118204551982
"2111","LGALS9","SLC1A5","Human","TStroma","TPancreatic_tissue",23,0.0771812080536913,0.099,0.731620110409667
"2121","MDK","ITGA6","Human","TStroma","TPancreatic_tissue",23,0.0771812080536913,0,0.805289934822962
"2132","S100A10","CFTR","Human","TStroma","TPancreatic_tissue",56,0.187919463087248,0,0.901064531895313
"2142","HSP90AA1","CFTR","Human","TStroma","TPancreatic_tissue",56,0.187919463087248,0,0.901064531895313
"2153","PLAU","ITGA3","Human","TStroma","TPancreatic_tissue",12,0.0402684563758389,0.775,0.384606256297122
"2161","LAMA4","ITGA3","Human","TStroma","TPancreatic_tissue",17,0.0570469798657718,0,0.810821181499588
"2173","LGALS8","ITGA3","Human","TStroma","TPancreatic_tissue",17,0.0570469798657718,0.001,0.810415669505483
"2181","NID1","ITGA3","Human","TStroma","TPancreatic_tissue",24,0.0805369127516778,0,0.810821181499588
"2191","LAMC3","ITGA3","Human","TStroma","TPancreatic_tissue",9,0.0302013422818792,0.275,0.690389358671671
"2201","THBS1","ITGA3","Human","TStroma","TPancreatic_tissue",31,0.104026845637584,0,0.810821181499588
"2213","CALR","ITGA3","Human","TStroma","TPancreatic_tissue",71,0.238255033557047,0.751,0.404598957121405
"2222","TIMP2","ITGA3","Human","TStroma","TPancreatic_tissue",64,0.214765100671141,0.068,0.782767961249908
"2232","LAMB2","ITGA3","Human","TStroma","TPancreatic_tissue",22,0.0738255033557047,0.975,0.128202085432374
"2242","LAMA5","ITGA3","Human","TStroma","TPancreatic_tissue",16,0.0536912751677852,0.05,0.790290730649151
"2252","ADAM9","ITGA3","Human","TStroma","TPancreatic_tissue",8,0.0268456375838926,0.582,0.524219565771811
"2262","LAMC1","ITGA3","Human","TStroma","TPancreatic_tissue",27,0.0906040268456376,0,0.810821181499588
"2273","LAMB3","ITGA3","Human","TStroma","TPancreatic_tissue",27,0.0906040268456376,0.992,0.072522051177191
"2282","COL18A1","ITGA3","Human","TStroma","TPancreatic_tissue",57,0.191275167785235,0.687,0.453625285185146
"2292","LAMB1","ITGA3","Human","TStroma","TPancreatic_tissue",18,0.0604026845637584,0.692,0.449987493623393
"2303","LAMC2","ITGA3","Human","TStroma","TPancreatic_tissue",45,0.151006711409396,0.904,0.25122375461601
"2312","FN1","ITGA3","Human","TStroma","TPancreatic_tissue",42,0.140939597315436,0.132,0.755413858691883
"2321","SLPI","CD4","Human","TStroma","TPancreatic_tissue",17,0.0570469798657718,0.025,0.890425114077487
"2331","IL16","CD4","Human","TStroma","TPancreatic_tissue",2,0.00671140939597315,0.514,0.628656235210272
"2342","CALM1","SCTR","Human","TStroma","TPancreatic_tissue",48,0.161073825503356,0,0.829506950922001
"2383","LTB","TNFRSF1A","Human","TStroma","TPancreatic_tissue",5,0.0167785234899329,0.992,0.0893865286308787
"2392","LAMC3","ITGB4","Human","TStroma","TPancreatic_tissue",14,0.0469798657718121,0.041,0.770701932692933
"2412","LAMA5","ITGB4","Human","TStroma","TPancreatic_tissue",18,0.0604026845637584,0.088,0.751578873232827
"2422","LAMC1","ITGB4","Human","TStroma","TPancreatic_tissue",29,0.0973154362416107,0,0.787004371107596
"2442","LAMB1","ITGB4","Human","TStroma","TPancreatic_tissue",22,0.0738255033557047,0.687,0.440300636479884
"2453","LAMC2","ITGB4","Human","TStroma","TPancreatic_tissue",50,0.167785234899329,0.985,0.0963879567276792
"246","LTB","LTBR","Human","TStroma","TPancreatic_tissue",3,0.0100671140939597,0.982,0.124370147373808
"2491","AFDN","NECTIN2","Human","TStroma","TPancreatic_tissue",43,0.144295302013423,0,0.826842605287091
"250","PSEN1","NOTCH2","Human","TStroma","TPancreatic_tissue",15,0.0503355704697987,0,0.995761394084182
"251","ADAM10","NOTCH2","Human","TStroma","TPancreatic_tissue",18,0.0604026845637584,0,0.995761394084182
"2521","APP","NOTCH2","Human","TStroma","TPancreatic_tissue",33,0.110738255033557,0,0.995761394084182
"2531","JAG2","NOTCH2","Human","TStroma","TPancreatic_tissue",15,0.0503355704697987,0,0.995761394084182
"2541","PDGFB","PDGFRA","Human","TStroma","TPancreatic_tissue",4,0.0134228187919463,0.055,0.972049029404308
"2551","CD14","RIPK1","Human","TStroma","TPancreatic_tissue",24,0.0805369127516778,0,0.801780862463315
"2581","PLAU","ITGAV","Human","TStroma","TPancreatic_tissue",10,0.0335570469798658,0.055,0.971461925143757
"2591","SPP1","ITGAV","Human","TStroma","TPancreatic_tissue",44,0.147651006711409,0,0.999332196068698
"2601","NID1","ITGAV","Human","TStroma","TPancreatic_tissue",26,0.087248322147651,0,0.999332196068698
"2611","PDGFB","ITGAV","Human","TStroma","TPancreatic_tissue",6,0.0201342281879195,0.036,0.98117934340665
"2621","CALR","ITGAV","Human","TStroma","TPancreatic_tissue",57,0.191275167785235,0,0.999332196068698
"2631","FGG","ITGAV","Human","TStroma","TPancreatic_tissue",29,0.0973154362416107,0,0.999332196068698
"2641","FGA","ITGAV","Human","TStroma","TPancreatic_tissue",36,0.120805369127517,0,0.999332196068698
"2651","MFGE8","ITGAV","Human","TStroma","TPancreatic_tissue",37,0.124161073825503,0,0.999332196068698
"266","FGB","ITGAV","Human","TStroma","TPancreatic_tissue",29,0.0973154362416107,0,0.999332196068698
"2671","FBN1","ITGAV","Human","TStroma","TPancreatic_tissue",26,0.087248322147651,0,0.999332196068698
"2681","AZGP1","ITGAV","Human","TStroma","TPancreatic_tissue",36,0.120805369127517,0,0.999332196068698
"2691","ADAM9","ITGAV","Human","TStroma","TPancreatic_tissue",6,0.0201342281879195,0.095,0.950679587705571
"2701","VEGFA","ITGAV","Human","TStroma","TPancreatic_tissue",29,0.0973154362416107,0,0.999332196068698
"2711","ADAM15","ITGAV","Human","TStroma","TPancreatic_tissue",19,0.063758389261745,0.023,0.987773023939811
"2721","COL1A2","ITGAV","Human","TStroma","TPancreatic_tissue",50,0.167785234899329,0,0.999332196068698
"2731","COL4A1","ITGAV","Human","TStroma","TPancreatic_tissue",36,0.120805369127517,0,0.999332196068698
"2741","FN1","ITGAV","Human","TStroma","TPancreatic_tissue",39,0.130872483221477,0,0.999332196068698
"2751","PDGFB","PDGFRB","Human","TStroma","TPancreatic_tissue",5,0.0167785234899329,0.261,0.859522137508625
"2761","MFGE8","PDGFRB","Human","TStroma","TPancreatic_tissue",39,0.130872483221477,0.009,0.995340497783137
"2772","PSEN1","NOTCH3","Human","TStroma","TPancreatic_tissue",29,0.0973154362416107,0,0.998476534713049
"2793","SCGB3A1","NOTCH3","Human","TStroma","TPancreatic_tissue",60,0.201342281879195,0,0.998476534713049
"2802","JAG2","NOTCH3","Human","TStroma","TPancreatic_tissue",29,0.0973154362416107,0,0.998476534713049
"2823","BMP2","GPC1","Human","TStroma","TPancreatic_tissue",32,0.10738255033557,0,0.902968275820755
"2833","APP","GPC1","Human","TStroma","TPancreatic_tissue",66,0.221476510067114,0,0.902968275820755
"2842","COL18A1","GPC1","Human","TStroma","TPancreatic_tissue",56,0.187919463087248,0.017,0.895260145498139
"2853","VEGFA","GPC1","Human","TStroma","TPancreatic_tissue",32,0.10738255033557,0,0.902968275820755
"286","GPC3","IGF1R","Human","TStroma","TPancreatic_tissue",13,0.0436241610738255,0,0.99679166141061
"287","INS","IGF1R","Human","TStroma","TPancreatic_tissue",17,0.0570469798657718,0,0.99679166141061
"2881","GNAI2","IGF1R","Human","TStroma","TPancreatic_tissue",24,0.0805369127516778,0,0.99679166141061
"2893","S100A4","ERBB2","Human","TStroma","TPancreatic_tissue",39,0.130872483221477,0.011,0.994483342757128
"2904","SEMA4D","ERBB2","Human","TStroma","TPancreatic_tissue",16,0.0536912751677852,0,0.999998543488015
"2913","HLA-A","ERBB2","Human","TStroma","TPancreatic_tissue",77,0.258389261744966,0.06,0.969534559342504
"2923","HSP90B1","ERBB2","Human","TStroma","TPancreatic_tissue",48,0.161073825503356,0.001,0.999498419153914
"2932","HSP90AA1","ERBB2","Human","TStroma","TPancreatic_tissue",42,0.140939597315436,0,0.999998543488015
"2971","GNAI2","ADRA2A","Human","TStroma","TPancreatic_tissue",41,0.13758389261745,0,0.839536769877438
"2981","AGT","ADRA2A","Human","TStroma","TPancreatic_tissue",26,0.087248322147651,0,0.839536769877438
"2991","SAA1","ADRA2A","Human","TStroma","TPancreatic_tissue",8,0.0268456375838926,0.005,0.837435297820889
"300","CXCL2","ADRA2A","Human","TStroma","TPancreatic_tissue",28,0.0939597315436242,0,0.839536769877438
"3012","APP","ADRA2A","Human","TStroma","TPancreatic_tissue",42,0.140939597315436,0,0.839536769877438
"3021","CXCL1","ADRA2A","Human","TStroma","TPancreatic_tissue",14,0.0469798657718121,0,0.839536769877438
"3031","PPY","ADRA2A","Human","TStroma","TPancreatic_tissue",48,0.161073825503356,0,0.839536769877438
"3041","CXCL16","ADRA2A","Human","TStroma","TPancreatic_tissue",28,0.0939597315436242,0,0.839536769877438
"3051","ANXA1","ADRA2A","Human","TStroma","TPancreatic_tissue",22,0.0738255033557047,0,0.839536769877438
"3061","COL6A1","ITGA1","Human","TStroma","TPancreatic_tissue",12,0.0402684563758389,0.064,0.709762876117265
"3071","COL5A1","ITGA1","Human","TStroma","TPancreatic_tissue",23,0.0771812080536913,0,0.733627083003985
"3081","COL6A2","ITGA1","Human","TStroma","TPancreatic_tissue",22,0.0738255033557047,0.051,0.714674788539635
"3091","COL6A3","ITGA1","Human","TStroma","TPancreatic_tissue",22,0.0738255033557047,0.002,0.732893088740167
"310","COL5A2","ITGA1","Human","TStroma","TPancreatic_tissue",5,0.0167785234899329,0.406,0.565416630431631
"3111","COL1A2","ITGA1","Human","TStroma","TPancreatic_tissue",23,0.0771812080536913,0.006,0.731422890491837
"312","COL4A1","ITGA1","Human","TStroma","TPancreatic_tissue",15,0.0503355704697987,0,0.733627083003985
"3131","FBN1","ITGB6","Human","TStroma","TPancreatic_tissue",8,0.0268456375838926,0.204,0.730257280473024
"3141","FN1","ITGB6","Human","TStroma","TPancreatic_tissue",11,0.0369127516778524,0.545,0.552109296513541
"315","CSF1","CSF1R","Human","TStroma","TPancreatic_tissue",17,0.0570469798657718,0,0.999915049453729
"317","FGF19","FGFR4","Human","TStroma","TPancreatic_tissue",21,0.0704697986577181,0,0.9998300238067
"3183","PLAU","ITGA5","Human","TStroma","TPancreatic_tissue",9,0.0302013422818792,0.613,0.531572468790017
"3193","SPP1","ITGA5","Human","TStroma","TPancreatic_tissue",41,0.13758389261745,0.456,0.630240701995993
"3202","FGG","ITGA5","Human","TStroma","TPancreatic_tissue",22,0.0738255033557047,0,0.854490025124638
"3213","FGA","ITGA5","Human","TStroma","TPancreatic_tissue",29,0.0973154362416107,0,0.854490025124638
"3222","FGB","ITGA5","Human","TStroma","TPancreatic_tissue",23,0.0771812080536913,0,0.854490025124638
"3233","FBN1","ITGA5","Human","TStroma","TPancreatic_tissue",20,0.0671140939597315,0.012,0.849347611170511
"3242","COL18A1","ITGA5","Human","TStroma","TPancreatic_tissue",38,0.12751677852349,0.631,0.519063129032335
"3253","ADAM15","ITGA5","Human","TStroma","TPancreatic_tissue",19,0.063758389261745,0.546,0.575751295421058
"3262","FN1","ITGA5","Human","TStroma","TPancreatic_tissue",30,0.100671140939597,0.083,0.818260647462281
"3271","WNT7B","LRP5","Human","TStroma","TPancreatic_tissue",6,0.0201342281879195,0.336,0.790065563554779
"329","PSEN1","NCSTN","Human","TStroma","TPancreatic_tissue",17,0.0570469798657718,0,0.730285713763352
"3301","PLAU","ITGB5","Human","TStroma","TPancreatic_tissue",11,0.0369127516778524,0.083,0.769286060763828
"3313","SPP1","ITGB5","Human","TStroma","TPancreatic_tissue",43,0.144295302013423,0.006,0.800933368427517
"3322","TLN1","ITGB5","Human","TStroma","TPancreatic_tissue",31,0.104026845637584,0,0.803347035481647
"3332","COL4A2","ITGB5","Human","TStroma","TPancreatic_tissue",55,0.184563758389262,0,0.803347035481647
"3341","ADAM9","ITGB5","Human","TStroma","TPancreatic_tissue",6,0.0201342281879195,0.226,0.706762788769241
"3351","COL18A1","ITGB5","Human","TStroma","TPancreatic_tissue",41,0.13758389261745,0.015,0.797299167518626
"3362","LTBP3","ITGB5","Human","TStroma","TPancreatic_tissue",40,0.134228187919463,0.002,0.802543286370472
"3371","LTBP1","ITGB5","Human","TStroma","TPancreatic_tissue",18,0.0604026845637584,0,0.803347035481647
"3381","LAMC3","ITGA2","Human","TStroma","TPancreatic_tissue",6,0.0201342281879195,0.026,0.731964034117838
"3392","COL6A1","ITGA2","Human","TStroma","TPancreatic_tissue",11,0.0369127516778524,0.288,0.625821184743259
"3402","COL6A2","ITGA2","Human","TStroma","TPancreatic_tissue",19,0.063758389261745,0.455,0.547530750026669
"3414","MMP1","ITGA2","Human","TStroma","TPancreatic_tissue",20,0.0671140939597315,0.656,0.435000228293349
"3422","HSPG2","ITGA2","Human","TStroma","TPancreatic_tissue",21,0.0704697986577181,0.594,0.472577761036378
"3432","LAMB3","ITGA2","Human","TStroma","TPancreatic_tissue",7,0.023489932885906,0.951,0.164175483363502
"3442","COL1A2","ITGA2","Human","TStroma","TPancreatic_tissue",20,0.0671140939597315,0.15,0.683785247003968
"3451","COL4A1","ITGA2","Human","TStroma","TPancreatic_tissue",14,0.0469798657718121,0.001,0.741298306039325
"3462","FN1","ITGA2","Human","TStroma","TPancreatic_tissue",14,0.0469798657718121,0.191,0.667090144356028
"3472","COL7A1","ITGA2","Human","TStroma","TPancreatic_tissue",6,0.0201342281879195,0.466,0.541977044214137
"3482","COL3A1","ITGA2","Human","TStroma","TPancreatic_tissue",22,0.0738255033557047,0.051,0.722509180528071
"3491","GAS6","AXL","Human","TStroma","TPancreatic_tissue",51,0.171140939597315,0,0.999204090389259
"3501","INS","INSR","Human","TStroma","TPancreatic_tissue",47,0.157718120805369,0,0.956472658799029
"3511","ARF1","INSR","Human","TStroma","TPancreatic_tissue",36,0.120805369127517,0,0.956472658799029
"3521","HRAS","INSR","Human","TStroma","TPancreatic_tissue",29,0.0973154362416107,0,0.956472658799029
"3531","CALM1","INSR","Human","TStroma","TPancreatic_tissue",45,0.151006711409396,0,0.956472658799029
"3541","PLAU","MRC2","Human","TStroma","TPancreatic_tissue",14,0.0469798657718121,0.011,0.97051472360594
"3551","LGALS9","MRC2","Human","TStroma","TPancreatic_tissue",35,0.11744966442953,0,0.975896999289038
"3561","CALM1","AQP1","Human","TStroma","TPancreatic_tissue",64,0.214765100671141,0,0.708936981301485
"363","EFNA1","EPHA2","Human","TStroma","TPancreatic_tissue",17,0.0570469798657718,0.025,0.985878948055714
"3643","SEMA4D","PLXNB1","Human","TStroma","TPancreatic_tissue",20,0.0671140939597315,0,0.888180962613702
"3652","SEMA4A","PLXNB1","Human","TStroma","TPancreatic_tissue",7,0.023489932885906,0.252,0.768161009110299
"3703","MDK","SDC4","Human","TStroma","TPancreatic_tissue",51,0.171140939597315,0.067,0.847674064017095
"3711","ALOX5AP","ALOX5","Human","TStroma","TPancreatic_tissue",12,0.0402684563758389,0,0.794988208092191
"3731","SPTBN2","PTPRA","Human","TStroma","TPancreatic_tissue",15,0.0503355704697987,0,0.998890684622797
"3741","MDK","SDC1","Human","TStroma","TPancreatic_tissue",53,0.177852348993289,0.007,0.967925262759761
"3751","LAMB2","ITGB1","Human","TStroma","TPancreatic_tissue",3,0.0100671140939597,0.991,0.090402208692017
"3761","MDK","ITGB1","Human","TStroma","TPancreatic_tissue",21,0.0704697986577181,0,0.95292294992215
"3771","ADAM9","ITGB1","Human","TStroma","TPancreatic_tissue",2,0.00671140939597315,0.689,0.53142010517092
"3781","VEGFA","ITGB1","Human","TStroma","TPancreatic_tissue",16,0.0536912751677852,0,0.95292294992215
"3791","SPON2","ITGB2","Human","TStroma","TPancreatic_tissue",17,0.0570469798657718,0.003,0.962812053940589
"380","ICAM2","ITGB2","Human","TStroma","TPancreatic_tissue",8,0.0268456375838926,0,0.964259529657291
"3821","ADAM9","ITGA6","Human","TStroma","TPancreatic_tissue",4,0.0134228187919463,0.084,0.770725996240226
"3832","VIM","CD44","Human","TStroma","TPancreatic_tissue",37,0.124161073825503,0,0.9118204551982
"3843","SEMA4D","PLXNB2","Human","TStroma","TPancreatic_tissue",28,0.0939597315436242,0,0.949835357737726
"1534","AGTRAP","RACK1","Human","TCancer_region","TDuct_epithelium",16,0.128,0.777,0.463835115786183
"2133","S100A10","CFTR","Human","TCancer_region","TDuct_epithelium",7,0.056,0.976,0.122941790457617
"2143","HSP90AA1","CFTR","Human","TCancer_region","TDuct_epithelium",2,0.016,0.997,0.0434664868618984
"2384","LTB","TNFRSF1A","Human","TCancer_region","TDuct_epithelium",8,0.064,0.117,0.667991641776601
"3161","GNAS","PTGIR","Human","TCancer_region","TDuct_epithelium",2,0.016,0.76,0.347053307067355
"1982","HSPG2","SDC1","Human","TCancer_region","TPancreatic_tissue",6,0.75,0.016,0.740133580240402
"2914","HLA-A","ERBB2","Human","TCancer_region","TPancreatic_tissue",2,0.25,0.596,0.461320759556231
"2924","HSP90B1","ERBB2","Human","TCancer_region","TPancreatic_tissue",2,0.25,0.189,0.653616102531239
"2933","HSP90AA1","ERBB2","Human","TCancer_region","TPancreatic_tissue",2,0.25,0.118,0.681626722889443
"3502","INS","INSR","Human","TCancer_region","TPancreatic_tissue",1,0.125,0.203,0.696406368024928
"3512","ARF1","INSR","Human","TCancer_region","TPancreatic_tissue",1,0.125,0.228,0.68539703786854
"3742","MDK","SDC1","Human","TCancer_region","TPancreatic_tissue",4,0.5,0.008,0.743136162874495
"410","GRN","TNFRSF1A","Human","TPancreatic_tissue","TDuct_epithelium",32,0.516129032258065,0.004,0.717167027118554
"1110","SEMA4G","PLXNB2","Human","TPancreatic_tissue","TDuct_epithelium",11,0.17741935483871,0,0.768948481608486
"1812","TGFB1","SMAD3","Human","TPancreatic_tissue","TDuct_epithelium",2,0.032258064516129,0.552,0.474621519247846
"1911","TGFB1","ITGB6","Human","TPancreatic_tissue","TDuct_epithelium",1,0.0161290322580645,0.86,0.273676776663973
"3013","LAMB1","ITGA2","Human","TPancreatic_tissue","TDuct_epithelium",3,0.0483870967741935,0.137,0.679104847396557
"403","COL1A1","ITGA2","Human","TPancreatic_tissue","TDuct_epithelium",7,0.112903225806452,0.163,0.668796761677214
"494","FGF23","FGFR3","Human","TPancreatic_tissue","TDuct_epithelium",4,0.0645161290322581,0.048,0.770446288216007
"623","LAMA5","SDC1","Human","TPancreatic_tissue","TDuct_epithelium",4,0.0645161290322581,0.274,0.641548658163334
"652","LAMA5","ITGA2","Human","TPancreatic_tissue","TDuct_epithelium",1,0.0161290322580645,0.451,0.54164857485974
"762","LAMC1","ITGA2","Human","TPancreatic_tissue","TDuct_epithelium",3,0.0483870967741935,0.025,0.721828026460574
"804","MMP7","SDC1","Human","TPancreatic_tissue","TDuct_epithelium",19,0.306451612903226,0,0.752941596620699
"812","THBS1","SDC1","Human","TPancreatic_tissue","TDuct_epithelium",6,0.0967741935483871,0.191,0.67722900688665
"1063","LAMC2","ITGA2","Human","TPancreatic_tissue","TDuct_epithelium",1,0.0161290322580645,0.966,0.134794102407148
"1322","COL6A3","ITGA2","Human","TPancreatic_tissue","TDuct_epithelium",5,0.0806451612903226,0.141,0.677529195975652
"1484","SEMA4C","PLXNB2","Human","TPancreatic_tissue","TDuct_epithelium",6,0.0967741935483871,0.005,0.767023701414211
"1535","AGTRAP","RACK1","Human","TPancreatic_tissue","TDuct_epithelium",12,0.193548387096774,0.22,0.814718905987074
"1652","HSP90AA1","FGFR3","Human","TPancreatic_tissue","TDuct_epithelium",10,0.161290322580645,0.007,0.786861900104974
"1693","HMGB1","SDC1","Human","TPancreatic_tissue","TDuct_epithelium",12,0.193548387096774,0.001,0.752565031657601
"1873","SEMA4A","PLXNB2","Human","TPancreatic_tissue","TDuct_epithelium",3,0.0483870967741935,0.203,0.686477653381589
"1983","HSPG2","SDC1","Human","TPancreatic_tissue","TDuct_epithelium",27,0.435483870967742,0.017,0.746514159348005
"2385","LTB","TNFRSF1A","Human","TPancreatic_tissue","TDuct_epithelium",16,0.258064516129032,0,0.718605678568677
"2393","LAMC3","ITGB4","Human","TPancreatic_tissue","TDuct_epithelium",3,0.0483870967741935,0.247,0.62876616004326
"2402","LAMB2","ITGB4","Human","TPancreatic_tissue","TDuct_epithelium",9,0.145161290322581,0.393,0.564528689173235
"2413","LAMA5","ITGB4","Human","TPancreatic_tissue","TDuct_epithelium",2,0.032258064516129,0.749,0.363018311758304
"2423","LAMC1","ITGB4","Human","TPancreatic_tissue","TDuct_epithelium",6,0.0967741935483871,0.037,0.711057653870242
"2433","LAMB3","ITGB4","Human","TPancreatic_tissue","TDuct_epithelium",7,0.112903225806452,0.884,0.246786083973077
"2443","LAMB1","ITGB4","Human","TPancreatic_tissue","TDuct_epithelium",8,0.129032258064516,0.124,0.678178043507291
"2492","AFDN","NECTIN2","Human","TPancreatic_tissue","TDuct_epithelium",1,0.0161290322580645,0.944,0.177322540954397
"3132","FBN1","ITGB6","Human","TPancreatic_tissue","TDuct_epithelium",3,0.0483870967741935,0.116,0.687701641220861
"3382","LAMC3","ITGA2","Human","TPancreatic_tissue","TDuct_epithelium",1,0.0161290322580645,0.348,0.590276142469231
"3393","COL6A1","ITGA2","Human","TPancreatic_tissue","TDuct_epithelium",5,0.0806451612903226,0.045,0.714386301655853
"3403","COL6A2","ITGA2","Human","TPancreatic_tissue","TDuct_epithelium",7,0.112903225806452,0.075,0.70307604162556
"3415","MMP1","ITGA2","Human","TPancreatic_tissue","TDuct_epithelium",7,0.112903225806452,0.162,0.669196162585718
"3423","HSPG2","ITGA2","Human","TPancreatic_tissue","TDuct_epithelium",7,0.112903225806452,0.159,0.670392937603028
"3433","LAMB3","ITGA2","Human","TPancreatic_tissue","TDuct_epithelium",2,0.032258064516129,0.711,0.392988963422464
"3443","COL1A2","ITGA2","Human","TPancreatic_tissue","TDuct_epithelium",7,0.112903225806452,0.042,0.715507494553406
"3452","COL4A1","ITGA2","Human","TPancreatic_tissue","TDuct_epithelium",5,0.0806451612903226,0.006,0.728827288172504
"3463","FN1","ITGA2","Human","TPancreatic_tissue","TDuct_epithelium",1,0.0161290322580645,0.903,0.227676024613124
"3483","COL3A1","ITGA2","Human","TPancreatic_tissue","TDuct_epithelium",7,0.112903225806452,0.035,0.718116803792215
"3492","GAS6","AXL","Human","TPancreatic_tissue","TDuct_epithelium",1,0.0161290322580645,0.995,0.0528455498529957
"3653","SEMA4A","PLXNB1","Human","TPancreatic_tissue","TDuct_epithelium",1,0.0161290322580645,0.688,0.418537651154199
"3743","MDK","SDC1","Human","TPancreatic_tissue","TDuct_epithelium",18,0.290322580645161,0,0.752941596620699
"3844","SEMA4D","PLXNB2","Human","TPancreatic_tissue","TDuct_epithelium",4,0.0645161290322581,0.054,0.747898757807582
"412","GRN","TNFRSF1A","Human","TPancreatic_tissue","TStroma",85,0.26813880126183,0.997,0.039079208323843
"532","TNFSF10","RIPK1","Human","TPancreatic_tissue","TStroma",21,0.0662460567823344,0,0.772359664397508
"931","VWF","SIRPA","Human","TPancreatic_tissue","TStroma",30,0.0946372239747634,0,0.80115502275406
"1182","CALM2","AQP1","Human","TPancreatic_tissue","TStroma",62,0.195583596214511,0,0.709101523013475
"1212","APP","NCSTN","Human","TPancreatic_tissue","TStroma",58,0.182965299684543,0,0.741352123566093
"1232","CALM3","AQP1","Human","TPancreatic_tissue","TStroma",56,0.176656151419558,0,0.709101523013475
"1242","TNFSF12","TNFRSF12A","Human","TPancreatic_tissue","TStroma",20,0.0630914826498423,0.005,0.913663912889868
"1292","VCAM1","EZR","Human","TPancreatic_tissue","TStroma",55,0.173501577287066,0,0.722151919259845
"1502","EFEMP2","AQP1","Human","TPancreatic_tissue","TStroma",50,0.157728706624606,0,0.709101523013475
"1536","AGTRAP","RACK1","Human","TPancreatic_tissue","TStroma",60,0.189274447949527,0.03,0.912933787052784
"159","CSF1","SIRPA","Human","TPancreatic_tissue","TStroma",22,0.0694006309148265,0,0.80115502275406
"2343","CALM1","SCTR","Human","TPancreatic_tissue","TStroma",76,0.239747634069401,0,0.785468298731665
"2386","LTB","TNFRSF1A","Human","TPancreatic_tissue","TStroma",29,0.0914826498422713,0,0.713485464280414
"2461","LTB","LTBR","Human","TPancreatic_tissue","TStroma",33,0.10410094637224,0,0.915330290412299
"2471","HLA-B","CANX","Human","TPancreatic_tissue","TStroma",45,0.141955835962145,0,0.746258946487509
"2552","CD14","RIPK1","Human","TPancreatic_tissue","TStroma",26,0.082018927444795,0,0.772359664397508
"3291","PSEN1","NCSTN","Human","TPancreatic_tissue","TStroma",16,0.0504731861198738,0,0.741352123566093
"3542","PLAU","MRC2","Human","TPancreatic_tissue","TStroma",14,0.0441640378548896,0.018,0.987663893129877
"3552","LGALS9","MRC2","Human","TPancreatic_tissue","TStroma",28,0.0883280757097792,0.002,0.995677524631287
"3562","CALM1","AQP1","Human","TPancreatic_tissue","TStroma",59,0.186119873817035,0,0.709101523013475
"3591","GNAS","VIPR1","Human","TPancreatic_tissue","TStroma",49,0.154574132492114,0,0.792447856927241
"3601","PTMA","VIPR1","Human","TPancreatic_tissue","TStroma",52,0.16403785488959,0,0.792447856927241
"3611","CALM1","VIPR1","Human","TPancreatic_tissue","TStroma",42,0.132492113564669,0,0.792447856927241
"3811","VEGFA","SIRPA","Human","TPancreatic_tissue","TStroma",29,0.0914826498422713,0,0.80115502275406
"1813","TGFB1","SMAD3","Human","TPancreatic_tissue","TCancer_region",1,0.166666666666667,0.161,0.664134557553642
"1537","AGTRAP","RACK1","Human","TPancreatic_tissue","TCancer_region",1,0.166666666666667,0.645,0.446833335790934
"3503","INS","INSR","Human","TPancreatic_tissue","TCancer_region",1,0.166666666666667,0.18,0.706756547872531
